Workbook

Sheet COSTINGMODEL
A1: COURIER | B1: ACTUAL WEIGHT SLAB IN KG | C1: VOLUMETRIC WEIGHT | F1: VOL. WEIGHT | G1: BILLABLE WEIGHT | H1: DESTINATION | I1: WEIGHT SLAB | J1: FREIGHT RATES | K1: FUEL SURCHARGE | L1: LANDED COST | M1: GST 18% EXTRA | N1: TOTAL COST
C2: L | D2: B | E2: H
A3: SHREE MARUTI COURIER SERVICE | B3: 4.5 | C3: 50 | D3: 41 | E3: 70 | F3: =($C$3*$D$3*$E$3)/5000 -> 28.7 | G3: =MAX($B$3, $F$3) -> 28.7 | H3: WITHIN ZONE | I3: 30 | J3: =INDEX(INDIRECT("'"&A3&"'!B:G"), MATCH(I3, INDIRECT("'"&A3&"'!A:A"), 0), MATCH(H3, INDIRECT("'"&A3&"'!B1:G1"), 0)) -> 1500 | K3: =J3*_xlfn.XLOOKUP(A3,$A$7:$A$11,$B$7:$B$11) -> 150 | L3: =SUM(J3, K3) -> 1650 | M3: =L3*18% -> 297 | N3: =SUM(L3, M3) -> 1947
A6: COURIER | B6: FUEL %
A7: PROFESSIONAL COURIER SERVICE | B7: 0.1
A8: ANJANI COURIER SERVICE | B8: 0.35
A9: SHREE MARUTI COURIER SERVICE | B9: 0.1
A10: DTDC | B10: 0.1
A11: ITHINK LOGISTIC SHADOWFAX | B11: 0.1

Sheet COMPARATIVE
A1: DOMESTIC COURIER CHARGE
A2: WITHIN CITY | O2: WITHIN STATE | AA2: WITHIN ZONE | AM2: METRO TO METRO | AZ2: REST OF INDIA | BM2: SPECIAL DESTINATION
A3: NON-DOCUMENT CHARGE BY SURFACE | O3: NON-DOCUMENT CHARGE BY SURFACE | AA3: NON-DOCUMENT CHARGE BY SURFACE | AM3: NON-DOCUMENT CHARGE BY SURFACE | AZ3: NON-DOCUMENT CHARGE BY SURFACE | BM3: NON-DOCUMENT CHARGE BY SURFACE
A4: SR.NO. | B4: KGS | C4: PROFESSIONAL COURIER SERVICE | D4: TOTAL COST | E4: DTDC | F4: TOTAL COST | G4: SHREE MARUTI COURIER SERVICE | H4: TOTAL COST | I4: ITHINK SHADOWFAX | J4: DIFF. | K4: %DIFF. SHREE MARUTI VS PROFF | L4: %DIFF DTDC VS ITHINK SHADOWFAX | M4: %DIFF DTDC VS SHREE MARUTI | O4: KGS | P4: PROFESSIONAL COURIER SERVICE | Q4: TOTAL COST | R4: DTDC | S4: TOTAL COST | T4: SHREE MARUTI COURIER SERVICE | U4: TOTAL COST | V4: ITHINK SHADOWFAX | W4: DIFF. | X4: %DIFF.DTDC VS SHREE MARUTI | Y4: %DIFF.DTDC VS ITHINK | AA4: KGS | AB4: PROFESSIONAL COURIER SERVICE | AC4: TOTAL COST | AD4: DTDC | AE4: TOTAL COST | AF4: SHREE MARUTI COURIER SERVICE | AG4: TOTAL COST | AH4: ITHINK SHADOWFAX | AI4: DIFF. | AJ4: %DIFF DTDC VS SHREE MARUTI. | AK4: %DIFF DTDC VS ITHINK | AM4: KGS | AN4: PROFESSIONAL COURIER SERVICE | AO4: TOTAL COST | AP4: DTDC | AQ4: TOTAL COST | AR4: SHREE MARUTI COURIER SERVICE | AS4: TOTAL COST | AT4: ITHINK SHADOWFAX | AU4: DIFF. | AV4: %DIFF. PROFESS VS SHREE MARUTI | AW4: %DIFF DTDC VS SHREE MARUTI | AX4: DTDC VS ITHINK | AZ4: KGS | BA4: PROFESSIONAL COURIER SERVICE | BB4: TOTAL COST | BC4: DTDC | BD4: TOTAL COST | BE4: SHREE MARUTI COURIER SERVICE | BF4: TOTAL COST | BG4: ITHINK | BH4: DIFF. | BI4: %DIFF. PROFESS VS SHREE MARUTI | BJ4: DTDC VS ITHINK | BK4: %DIFF DTDC VS SHREE MARUTI | BM4: KGS | BN4: PROFESSIONAL COURIER SERVICE | BO4: TOTAL COST | BP4: DTDC | BQ4: TOTAL COST | BR4: SHREE MARUTI COURIER SERVICE | BS4: TOTAL COST | BT4: ITHINK | BU4: DIFF. | BV4: %DIFF. PROFESS VS SHREE MARUTI | BW4: %DIFF DTDC VS SHREE MARUTI
A5: {=_xlfn.SEQUENCE(50)} -> 1 | B5: 1 | C5: {=VLOOKUP(B5:B54, WITHINCITY!B4:C105,2,0)} -> 15 | D5: {=VLOOKUP(B5:B54, WITHINCITY!B4:N53,13,0)} -> 16.5 | E5: {=VLOOKUP(B5:B54, WITHINCITY!B4:E105,4,0)} -> 54 | F5: {=VLOOKUP(B5:B54, WITHINCITY!B4:P53,15,0)} -> 59.4 | G5: {=VLOOKUP(B5:B54, WITHINCITY!B4:F105,5,0)} -> 15 | H5: {=VLOOKUP(B5:B54, WITHINCITY!B4:Q53,16,0)} -> 16.5 | I5: {=VLOOKUP(B5:B54, WITHINCITY!B4:J53,9,0)} -> 54 | J5: =MAX(D5, F5, H5) - MIN(D5, F5, H5) -> 42.9 | K5: =J5/MIN(D5, F5, H5) -> 2.6 | O5: 1 | P5: {=VLOOKUP(O5:O54, WITHINSTATE!B4:C105,2,0)} -> 35 | Q5: {=VLOOKUP(O5:O54, WITHINSTATE!B4:N53,13,0)} -> 38.5 | R5: {=VLOOKUP(O5:O54, WITHINSTATE!B4:E105,4,0)} -> 60 | S5: {=VLOOKUP(O5:O54, WITHINSTATE!B4:P53,15,0)} -> 66 | T5: {=VLOOKUP(O5:O54, WITHINSTATE!B4:F53,5,0)} -> 25 | U5: {=VLOOKUP(O5:O54, WITHINSTATE!B4:Q53,16,0)} -> 27.5 | V5: {=VLOOKUP(O5:O54, WITHINSTATE!B4:J53,9,0)} -> 59 | W5: =MAX(Q5, S5, U5) - MIN(Q5, S5, U5) -> 38.5 | AA5: 1 | AB5: {=VLOOKUP(AA5:AA54, WITHINZONE!B4:C105,2,0)} -> 40 | AC5: {=VLOOKUP(AA5:AA54, WITHINZONE!B4:N53,13,0)} -> 44 | AD5: {=VLOOKUP(AA5:AA54, WITHINZONE!B4:E53,4,0)} -> 75 | AE5: {=VLOOKUP(AA5:AA54, WITHINZONE!B4:P53,15,0)} -> 82.5 | AF5: {=VLOOKUP(AA5:AA54, WITHINZONE!B4:F53,5,0)} -> 50 | AG5: {=VLOOKUP(AA5:AA54, WITHINZONE!B4:Q53,16,0)} -> 55 | AH5: {=VLOOKUP(AA5:AA54, WITHINZONE!B4:J53,9,0)} -> 59 | AI5: =MAX(AC5, AE5, AG5) - MIN(AC5, AE5, AG5) -> 38.5 | AM5: 1 | AN5: {=VLOOKUP(AM5:AM54, 'METRO TO METRO'!B4:C105,2,0)} -> 70 | AO5: {=VLOOKUP(AM5:AM54, 'METRO TO METRO'!B4:N53,13,0)} -> 77 | AP5: {=VLOOKUP(AM5:AM54, 'METRO TO METRO'!B4:E53,4,0)} -> 84 | AQ5: {=VLOOKUP(AM5:AM54, 'METRO TO METRO'!B4:P53,15,0)} -> 92.4 | AR5: {=VLOOKUP(AM5:AM54, 'METRO TO METRO'!B4:F53,5,0)} -> 55 | AS5: {=VLOOKUP(AM5:AM54, 'METRO TO METRO'!B4:Q53,16,0)} -> 60.5 | AT5: {=VLOOKUP(AM5:AM54, 'METRO TO METRO'!B4:J53,9,0)} -> 71.25 | AU5: =MAX(AO5, AQ5, AS5) - MIN(AO5, AQ5, AS5) -> 31.9 | AV5: =AU5/MIN(AO5, AQ5, AS5) -> 0.52727273 | AZ5: 1 | BA5: {=VLOOKUP(AZ5:AZ54, RESTOFINDIA!B4:C53,2,0)} -> 70 | BB5: {=VLOOKUP(AZ5:AZ54, RESTOFINDIA!B4:N53,13,0)} -> 77 | BC5: {=VLOOKUP(AZ5:AZ54, RESTOFINDIA!B4:E53,4,0)} -> 90 | BD5: {=VLOOKUP(AZ5:AZ54, RESTOFINDIA!B4:P53,15,0)} -> 99 | BE5: {=VLOOKUP(AZ5:AZ54, RESTOFINDIA!B4:F53,5,0)} -> 50 | BF5: {=VLOOKUP(AZ5:AZ54, RESTOFINDIA!B4:Q53,16,0)} -> 55 | BG5: {=VLOOKUP(AZ5:AZ54, RESTOFINDIA!B4:J53,9,0)} -> 75.25 | BH5: =MAX(BB5, BD5, BF5) - MIN(BB5, BD5, BF5) -> 44 | BI5: =BH5/MIN(BB5, BD5, BF5) -> 0.8 | BM5: 1 | BN5: {=VLOOKUP(BM5:BM54, SPECIALDESTINATION!B4:C53,2,0)} -> 70 | BO5: {=VLOOKUP(BM5:BM54, SPECIALDESTINATION!B4:N53,13,0)} -> 77 | BP5: {=VLOOKUP(BM5:BM54, SPECIALDESTINATION!B4:E53,4,0)} -> 135 | BQ5: {=VLOOKUP(BM5:BM54, SPECIALDESTINATION!B4:O53,14,0)} -> 148.5 | BR5: {=VLOOKUP(BM5:BM54, SPECIALDESTINATION!B4:F53,5,0)} -> 60 | BS5: {=VLOOKUP(BM5:BM54, SPECIALDESTINATION!B4:P53,15,0)} -> 66 | BT5: {=VLOOKUP(BM5:BM54, SPECIALDESTINATION!B4:J53,9,0)} -> 90.25 | BU5: =MAX(BO5, BQ5, BS5) - MIN(BO5, BQ5, BS5) -> 82.5 | BV5: =BU5/MIN(BO5, BQ5, BS5) -> 1.25
A6: 2 | B6: =B5 + 1 -> 2 | C6: 30 | D6: 33 | E6: 54 | F6: 59.4 | G6: 30 | H6: 33 | I6: 105.5 | J6: =MAX(D6, F6, H6) - MIN(D6, F6, H6) -> 26.4 | K6: =J6/MIN(D6, F6, H6) -> 0.8 | O6: =O5 + 1 -> 2 | P6: 70 | Q6: 77 | R6: 60 | S6: 66 | T6: 50 | U6: 55 | V6: 115.5 | W6: =MAX(Q6, S6, U6) - MIN(Q6, S6, U6) -> 22 | AA6: =AA5 + 1 -> 2 | AB6: 80 | AC6: 88 | AD6: 75 | AE6: 82.5 | AF6: 100 | AG6: 110 | AH6: 115.5 | AI6: =MAX(AC6, AE6, AG6) - MIN(AC6, AE6, AG6) -> 27.5 | AM6: =AM5 + 1 -> 2 | AN6: 140 | AO6: 154 | AP6: 84 | AQ6: 92.4 | AR6: 110 | AS6: 121 | AT6: 138.75 | AU6: =MAX(AO6, AQ6, AS6) - MIN(AO6, AQ6, AS6) -> 61.6 | AV6: =AU6/MIN(AO6, AQ6, AS6) -> 0.66666667 | AZ6: =AZ5 + 1 -> 2 | BA6: 140 | BB6: 154 | BC6: 90 | BD6: 99 | BE6: 100 | BF6: 110 | BG6: 146.75 | BH6: =MAX(BB6, BD6, BF6) - MIN(BB6, BD6, BF6) -> 55 | BI6: =BH6/MIN(BB6, BD6, BF6) -> 0.55555556 | BM6: =BM5 + 1 -> 2 | BN6: 140 | BO6: 154 | BP6: 135 | BQ6: 148.5 | BR6: 120 | BS6: 132 | BT6: 176.75 | BU6: =MAX(BO6, BQ6, BS6) - MIN(BO6, BQ6, BS6) -> 22 | BV6: =BU6/MIN(BO6, BQ6, BS6) -> 0.16666667
A7: 3 | B7: =B6 + 1 -> 3 | C7: 45 | D7: 49.5 | E7: 54 | F7: 59.4 | G7: 45 | H7: 49.5 | I7: 157 | J7: =MAX(D7, F7, H7) - MIN(D7, F7, H7) -> 9.9 | K7: =J7/MIN(D7, F7, H7) -> 0.2 | L7: =(F7-I7)/F7 -> -1.6430976 | M7: =(F7-H7)/F7 -> 0.16666667 | O7: =O6 + 1 -> 3 | P7: 105 | Q7: 115.5 | R7: 60 | S7: 66 | T7: 75 | U7: 82.5 | V7: 172 | W7: =MAX(Q7, S7, U7) - MIN(Q7, S7, U7) -> 49.5 | X7: =(R7-T7)/R7 -> -0.25 | Y7: =(S7-V7)/S7 -> -1.6060606 | AA7: =AA6 + 1 -> 3 | AB7: 120 | AC7: 132 | AD7: 75 | AE7: 82.5 | AF7: 150 | AG7: 165 | AH7: 172 | AI7: =MAX(AC7, AE7, AG7) - MIN(AC7, AE7, AG7) -> 82.5 | AJ7: =(AE7-AG7)/AG7 -> -0.5 | AK7: =(AE7-AH7)/AH7 -> -0.52034884 | AM7: =AM6 + 1 -> 3 | AN7: 210 | AO7: 231 | AP7: 84 | AQ7: 92.4 | AR7: 165 | AS7: 181.5 | AT7: 206.25 | AU7: =MAX(AO7, AQ7, AS7) - MIN(AO7, AQ7, AS7) -> 138.6 | AV7: =AU7/MIN(AO7, AQ7, AS7) -> 1.5 | AW7: =(AP7-AR7)/AR7 -> -0.49090909 | AX7: =(AQ7-AT7)/AT7 -> -0.552 | AZ7: =AZ6 + 1 -> 3 | BA7: 210 | BB7: 231 | BC7: 90 | BD7: 99 | BE7: 150 | BF7: 165 | BG7: 218.25 | BH7: =MAX(BB7, BD7, BF7) - MIN(BB7, BD7, BF7) -> 132 | BI7: =BH7/MIN(BB7, BD7, BF7) -> 1.3333333 | BJ7: =(BD7-BG7)/BG7 -> -0.54639175 | BK7: =(BC7-BE7)/BE7 -> -0.4 | BM7: =BM6 + 1 -> 3 | BN7: 210 | BO7: 231 | BP7: 135 | BQ7: 148.5 | BR7: 180 | BS7: 198 | BT7: 263.25 | BU7: =MAX(BO7, BQ7, BS7) - MIN(BO7, BQ7, BS7) -> 82.5 | BV7: =BU7/MIN(BO7, BQ7, BS7) -> 0.55555556 | BW7: =(BP7-BR7)/BR7 -> -0.25
A8: 4 | B8: =B7 + 1 -> 4 | C8: 60 | D8: 66 | E8: 72 | F8: 79.2 | G8: 60 | H8: 66 | I8: 208.5 | J8: =MAX(D8, F8, H8) - MIN(D8, F8, H8) -> 13.2 | K8: =J8/MIN(D8, F8, H8) -> 0.2 | L8: =(F8-I8)/F8 -> -1.6325758 | M8: =(F8-H8)/F8 -> 0.16666667 | O8: =O7 + 1 -> 4 | P8: 140 | Q8: 154 | R8: 80 | S8: 88 | T8: 100 | U8: 110 | V8: 228.5 | W8: =MAX(Q8, S8, U8) - MIN(Q8, S8, U8) -> 66 | X8: =(R8-T8)/R8 -> -0.25 | Y8: =(S8-V8)/S8 -> -1.5965909 | AA8: =AA7 + 1 -> 4 | AB8: 160 | AC8: 176 | AD8: 100 | AE8: 110 | AF8: 200 | AG8: 220 | AH8: 228.5 | AI8: =MAX(AC8, AE8, AG8) - MIN(AC8, AE8, AG8) -> 110 | AJ8: =(AE8-AG8)/AG8 -> -0.5 | AK8: =(AE8-AH8)/AH8 -> -0.51859956 | AM8: =AM7 + 1 -> 4 | AN8: 280 | AO8: 308 | AP8: 112 | AQ8: 123.2 | AR8: 220 | AS8: 242 | AT8: 273.75 | AU8: =MAX(AO8, AQ8, AS8) - MIN(AO8, AQ8, AS8) -> 184.8 | AV8: =AU8/MIN(AO8, AQ8, AS8) -> 1.5 | AW8: =(AP8-AR8)/AR8 -> -0.49090909 | AX8: =(AQ8-AT8)/AT8 -> -0.54995434 | AZ8: =AZ7 + 1 -> 4 | BA8: 280 | BB8: 308 | BC8: 120 | BD8: 132 | BE8: 200 | BF8: 220 | BG8: 289.75 | BH8: =MAX(BB8, BD8, BF8) - MIN(BB8, BD8, BF8) -> 176 | BI8: =BH8/MIN(BB8, BD8, BF8) -> 1.3333333 | BJ8: =(BD8-BG8)/BG8 -> -0.54443486 | BK8: =(BC8-BE8)/BE8 -> -0.4 | BM8: =BM7 + 1 -> 4 | BN8: 280 | BO8: 308 | BP8: 180 | BQ8: 198 | BR8: 240 | BS8: 264 | BT8: 349.75 | BU8: =MAX(BO8, BQ8, BS8) - MIN(BO8, BQ8, BS8) -> 110 | BV8: =BU8/MIN(BO8, BQ8, BS8) -> 0.55555556 | BW8: =(BP8-BR8)/BR8 -> -0.25
A9: 5 | B9: =B8 + 1 -> 5 | C9: 75 | D9: 82.5 | E9: 90 | F9: 99 | G9: 75 | H9: 82.5 | I9: 260 | J9: =MAX(D9, F9, H9) - MIN(D9, F9, H9) -> 16.5 | K9: =J9/MIN(D9, F9, H9) -> 0.2 | L9: =(F9-I9)/F9 -> -1.6262626 | M9: =(F9-H9)/F9 -> 0.16666667 | O9: =O8 + 1 -> 5 | P9: 175 | Q9: 192.5 | R9: 100 | S9: 110 | T9: 125 | U9: 137.5 | V9: 285 | W9: =MAX(Q9, S9, U9) - MIN(Q9, S9, U9) -> 82.5 | X9: =(R9-T9)/R9 -> -0.25 | Y9: =(S9-V9)/S9 -> -1.5909091 | AA9: =AA8 + 1 -> 5 | AB9: 200 | AC9: 220 | AD9: 125 | AE9: 137.5 | AF9: 250 | AG9: 275 | AH9: 285 | AI9: =MAX(AC9, AE9, AG9) - MIN(AC9, AE9, AG9) -> 137.5 | AJ9: =(AE9-AG9)/AG9 -> -0.5 | AK9: =(AE9-AH9)/AH9 -> -0.51754386 | AM9: =AM8 + 1 -> 5 | AN9: 350 | AO9: 385 | AP9: 140 | AQ9: 154 | AR9: 275 | AS9: 302.5 | AT9: 341.25 | AU9: =MAX(AO9, AQ9, AS9) - MIN(AO9, AQ9, AS9) -> 231 | AV9: =AU9/MIN(AO9, AQ9, AS9) -> 1.5 | AW9: =(AP9-AR9)/AR9 -> -0.49090909 | AX9: =(AQ9-AT9)/AT9 -> -0.54871795 | AZ9: =AZ8 + 1 -> 5 | BA9: 350 | BB9: 385 | BC9: 150 | BD9: 165 | BE9: 250 | BF9: 275 | BG9: 361.25 | BH9: =MAX(BB9, BD9, BF9) - MIN(BB9, BD9, BF9) -> 220 | BI9: =BH9/MIN(BB9, BD9, BF9) -> 1.3333333 | BJ9: =(BD9-BG9)/BG9 -> -0.5432526 | BK9: =(BC9-BE9)/BE9 -> -0.4 | BM9: =BM8 + 1 -> 5 | BN9: 350 | BO9: 385 | BP9: 225 | BQ9: 247.5 | BR9: 300 | BS9: 330 | BT9: 436.25 | BU9: =MAX(BO9, BQ9, BS9) - MIN(BO9, BQ9, BS9) -> 137.5 | BV9: =BU9/MIN(BO9, BQ9, BS9) -> 0.55555556 | BW9: =(BP9-BR9)/BR9 -> -0.25
A10: 6 | B10: =B9 + 1 -> 6 | C10: 90 | D10: 99 | E10: 108 | F10: 118.8 | G10: 90 | H10: 99 | I10: 311.5 | J10: =MAX(D10, F10, H10) - MIN(D10, F10, H10) -> 19.8 | K10: =J10/MIN(D10, F10, H10) -> 0.2 | L10: =(F10-I10)/F10 -> -1.6220539 | M10: =(F10-H10)/F10 -> 0.16666667 | O10: =O9 + 1 -> 6 | P10: 210 | Q10: 231 | R10: 120 | S10: 132 | T10: 150 | U10: 165 | V10: 341.5 | W10: =MAX(Q10, S10, U10) - MIN(Q10, S10, U10) -> 99 | X10: =(R10-T10)/R10 -> -0.25 | Y10: =(S10-V10)/S10 -> -1.5871212 | AA10: =AA9 + 1 -> 6 | AB10: 240 | AC10: 264 | AD10: 150 | AE10: 165 | AF10: 300 | AG10: 330 | AH10: 341.5 | AI10: =MAX(AC10, AE10, AG10) - MIN(AC10, AE10, AG10) -> 165 | AJ10: =(AE10-AG10)/AG10 -> -0.5 | AK10: =(AE10-AH10)/AH10 -> -0.51683748 | AM10: =AM9 + 1 -> 6 | AN10: 420 | AO10: 462 | AP10: 168 | AQ10: 184.8 | AR10: 330 | AS10: 363 | AT10: 408.75 | AU10: =MAX(AO10, AQ10, AS10) - MIN(AO10, AQ10, AS10) -> 277.2 | AV10: =AU10/MIN(AO10, AQ10, AS10) -> 1.5 | AW10: =(AP10-AR10)/AR10 -> -0.49090909 | AX10: =(AQ10-AT10)/AT10 -> -0.54788991 | AZ10: =AZ9 + 1 -> 6 | BA10: 420 | BB10: 462 | BC10: 180 | BD10: 198 | BE10: 300 | BF10: 330 | BG10: 432.75 | BH10: =MAX(BB10, BD10, BF10) - MIN(BB10, BD10, BF10) -> 264 | BI10: =BH10/MIN(BB10, BD10, BF10) -> 1.3333333 | BJ10: =(BD10-BG10)/BG10 -> -0.54246101 | BK10: =(BC10-BE10)/BE10 -> -0.4 | BM10: =BM9 + 1 -> 6 | BN10: 420 | BO10: 462 | BP10: 270 | BQ10: 297 | BR10: 360 | BS10: 396 | BT10: 522.75 | BU10: =MAX(BO10, BQ10, BS10) - MIN(BO10, BQ10, BS10) -> 165 | BV10: =BU10/MIN(BO10, BQ10, BS10) -> 0.55555556 | BW10: =(BP10-BR10)/BR10 -> -0.25
A11: 7 | B11: =B10 + 1 -> 7 | C11: 105 | D11: 115.5 | E11: 126 | F11: 138.6 | G11: 105 | H11: 115.5 | I11: 363 | J11: =MAX(D11, F11, H11) - MIN(D11, F11, H11) -> 23.1 | K11: =J11/MIN(D11, F11, H11) -> 0.2 | L11: =(F11-I11)/F11 -> -1.6190476 | M11: =(F11-H11)/F11 -> 0.16666667 | O11: =O10 + 1 -> 7 | P11: 245 | Q11: 269.5 | R11: 140 | S11: 154 | T11: 175 | U11: 192.5 | V11: 398 | W11: =MAX(Q11, S11, U11) - MIN(Q11, S11, U11) -> 115.5 | X11: =(R11-T11)/R11 -> -0.25 | Y11: =(S11-V11)/S11 -> -1.5844156 | AA11: =AA10 + 1 -> 7 | AB11: 280 | AC11: 308 | AD11: 175 | AE11: 192.5 | AF11: 350 | AG11: 385 | AH11: 398 | AI11: =MAX(AC11, AE11, AG11) - MIN(AC11, AE11, AG11) -> 192.5 | AJ11: =(AE11-AG11)/AG11 -> -0.5 | AK11: =(AE11-AH11)/AH11 -> -0.51633166 | AM11: =AM10 + 1 -> 7 | AN11: 490 | AO11: 539 | AP11: 196 | AQ11: 215.6 | AR11: 385 | AS11: 423.5 | AT11: 476.25 | AU11: =MAX(AO11, AQ11, AS11) - MIN(AO11, AQ11, AS11) -> 323.4 | AV11: =AU11/MIN(AO11, AQ11, AS11) -> 1.5 | AW11: =(AP11-AR11)/AR11 -> -0.49090909 | AX11: =(AQ11-AT11)/AT11 -> -0.54729659 | AZ11: =AZ10 + 1 -> 7 | BA11: 490 | BB11: 539 | BC11: 210 | BD11: 231 | BE11: 350 | BF11: 385 | BG11: 504.25 | BH11: =MAX(BB11, BD11, BF11) - MIN(BB11, BD11, BF11) -> 308 | BI11: =BH11/MIN(BB11, BD11, BF11) -> 1.3333333 | BJ11: =(BD11-BG11)/BG11 -> -0.5418939 | BK11: =(BC11-BE11)/BE11 -> -0.4 | BM11: =BM10 + 1 -> 7 | BN11: 490 | BO11: 539 | BP11: 315 | BQ11: 346.5 | BR11: 420 | BS11: 462 | BT11: 609.25 | BU11: =MAX(BO11, BQ11, BS11) - MIN(BO11, BQ11, BS11) -> 192.5 | BV11: =BU11/MIN(BO11, BQ11, BS11) -> 0.55555556 | BW11: =(BP11-BR11)/BR11 -> -0.25
A12: 8 | B12: =B11 + 1 -> 8 | C12: 120 | D12: 132 | E12: 144 | F12: 158.4 | G12: 120 | H12: 132 | I12: 414.5 | J12: =MAX(D12, F12, H12) - MIN(D12, F12, H12) -> 26.4 | K12: =J12/MIN(D12, F12, H12) -> 0.2 | L12: =(F12-I12)/F12 -> -1.6167929 | M12: =(F12-H12)/F12 -> 0.16666667 | O12: =O11 + 1 -> 8 | P12: 280 | Q12: 308 | R12: 160 | S12: 176 | T12: 200 | U12: 220 | V12: 454.5 | W12: =MAX(Q12, S12, U12) - MIN(Q12, S12, U12) -> 132 | X12: =(R12-T12)/R12 -> -0.25 | Y12: =(S12-V12)/S12 -> -1.5823864 | AA12: =AA11 + 1 -> 8 | AB12: 320 | AC12: 352 | AD12: 200 | AE12: 220 | AF12: 400 | AG12: 440 | AH12: 454.5 | AI12: =MAX(AC12, AE12, AG12) - MIN(AC12, AE12, AG12) -> 220 | AJ12: =(AE12-AG12)/AG12 -> -0.5 | AK12: =(AE12-AH12)/AH12 -> -0.5159516 | AM12: =AM11 + 1 -> 8 | AN12: 560 | AO12: 616 | AP12: 224 | AQ12: 246.4 | AR12: 440 | AS12: 484 | AT12: 543.75 | AU12: =MAX(AO12, AQ12, AS12) - MIN(AO12, AQ12, AS12) -> 369.6 | AV12: =AU12/MIN(AO12, AQ12, AS12) -> 1.5 | AW12: =(AP12-AR12)/AR12 -> -0.49090909 | AX12: =(AQ12-AT12)/AT12 -> -0.54685057 | AZ12: =AZ11 + 1 -> 8 | BA12: 560 | BB12: 616 | BC12: 240 | BD12: 264 | BE12: 400 | BF12: 440 | BG12: 575.75 | BH12: =MAX(BB12, BD12, BF12) - MIN(BB12, BD12, BF12) -> 352 | BI12: =BH12/MIN(BB12, BD12, BF12) -> 1.3333333 | BJ12: =(BD12-BG12)/BG12 -> -0.54146765 | BK12: =(BC12-BE12)/BE12 -> -0.4 | BM12: =BM11 + 1 -> 8 | BN12: 560 | BO12: 616 | BP12: 360 | BQ12: 396 | BR12: 480 | BS12: 528 | BT12: 695.75 | BU12: =MAX(BO12, BQ12, BS12) - MIN(BO12, BQ12, BS12) -> 220 | BV12: =BU12/MIN(BO12, BQ12, BS12) -> 0.55555556 | BW12: =(BP12-BR12)/BR12 -> -0.25
A13: 9 | B13: =B12 + 1 -> 9 | C13: 135 | D13: 148.5 | E13: 162 | F13: 178.2 | G13: 135 | H13: 148.5 | I13: 466 | J13: =MAX(D13, F13, H13) - MIN(D13, F13, H13) -> 29.7 | K13: =J13/MIN(D13, F13, H13) -> 0.2 | L13: =(F13-I13)/F13 -> -1.6150393 | M13: =(F13-H13)/F13 -> 0.16666667 | O13: =O12 + 1 -> 9 | P13: 315 | Q13: 346.5 | R13: 180 | S13: 198 | T13: 225 | U13: 247.5 | V13: 511 | W13: =MAX(Q13, S13, U13) - MIN(Q13, S13, U13) -> 148.5 | X13: =(R13-T13)/R13 -> -0.25 | Y13: =(S13-V13)/S13 -> -1.5808081 | AA13: =AA12 + 1 -> 9 | AB13: 360 | AC13: 396 | AD13: 225 | AE13: 247.5 | AF13: 450 | AG13: 495 | AH13: 511 | AI13: =MAX(AC13, AE13, AG13) - MIN(AC13, AE13, AG13) -> 247.5 | AJ13: =(AE13-AG13)/AG13 -> -0.5 | AK13: =(AE13-AH13)/AH13 -> -0.51565558 | AM13: =AM12 + 1 -> 9 | AN13: 630 | AO13: 693 | AP13: 252 | AQ13: 277.2 | AR13: 495 | AS13: 544.5 | AT13: 611.25 | AU13: =MAX(AO13, AQ13, AS13) - MIN(AO13, AQ13, AS13) -> 415.8 | AV13: =AU13/MIN(AO13, AQ13, AS13) -> 1.5 | AW13: =(AP13-AR13)/AR13 -> -0.49090909 | AX13: =(AQ13-AT13)/AT13 -> -0.54650307 | AZ13: =AZ12 + 1 -> 9 | BA13: 630 | BB13: 693 | BC13: 270 | BD13: 297 | BE13: 450 | BF13: 495 | BG13: 647.25 | BH13: =MAX(BB13, BD13, BF13) - MIN(BB13, BD13, BF13) -> 396 | BI13: =BH13/MIN(BB13, BD13, BF13) -> 1.3333333 | BJ13: =(BD13-BG13)/BG13 -> -0.54113557 | BK13: =(BC13-BE13)/BE13 -> -0.4 | BM13: =BM12 + 1 -> 9 | BN13: 630 | BO13: 693 | BP13: 405 | BQ13: 445.5 | BR13: 540 | BS13: 594 | BT13: 782.25 | BU13: =MAX(BO13, BQ13, BS13) - MIN(BO13, BQ13, BS13) -> 247.5 | BV13: =BU13/MIN(BO13, BQ13, BS13) -> 0.55555556 | BW13: =(BP13-BR13)/BR13 -> -0.25
A14: 10 | B14: =B13 + 1 -> 10 | C14: 150 | D14: 165 | E14: 180 | F14: 198 | G14: 150 | H14: 165 | I14: 517.5 | J14: =MAX(D14, F14, H14) - MIN(D14, F14, H14) -> 33 | K14: =J14/MIN(D14, F14, H14) -> 0.2 | L14: =(F14-I14)/F14 -> -1.6136364 | M14: =(F14-H14)/F14 -> 0.16666667 | O14: =O13 + 1 -> 10 | P14: 350 | Q14: 385 | R14: 200 | S14: 220 | T14: 250 | U14: 275 | V14: 567.5 | W14: =MAX(Q14, S14, U14) - MIN(Q14, S14, U14) -> 165 | X14: =(R14-T14)/R14 -> -0.25 | Y14: =(S14-V14)/S14 -> -1.5795455 | AA14: =AA13 + 1 -> 10 | AB14: 400 | AC14: 440 | AD14: 250 | AE14: 275 | AF14: 500 | AG14: 550 | AH14: 567.5 | AI14: =MAX(AC14, AE14, AG14) - MIN(AC14, AE14, AG14) -> 275 | AJ14: =(AE14-AG14)/AG14 -> -0.5 | AK14: =(AE14-AH14)/AH14 -> -0.5154185 | AM14: =AM13 + 1 -> 10 | AN14: 700 | AO14: 770 | AP14: 280 | AQ14: 308 | AR14: 550 | AS14: 605 | AT14: 678.75 | AU14: =MAX(AO14, AQ14, AS14) - MIN(AO14, AQ14, AS14) -> 462 | AV14: =AU14/MIN(AO14, AQ14, AS14) -> 1.5 | AW14: =(AP14-AR14)/AR14 -> -0.49090909 | AX14: =(AQ14-AT14)/AT14 -> -0.54622468 | AZ14: =AZ13 + 1 -> 10 | BA14: 700 | BB14: 770 | BC14: 300 | BD14: 330 | BE14: 500 | BF14: 550 | BG14: 718.75 | BH14: =MAX(BB14, BD14, BF14) - MIN(BB14, BD14, BF14) -> 440 | BI14: =BH14/MIN(BB14, BD14, BF14) -> 1.3333333 | BJ14: =(BD14-BG14)/BG14 -> -0.54086957 | BK14: =(BC14-BE14)/BE14 -> -0.4 | BM14: =BM13 + 1 -> 10 | BN14: 700 | BO14: 770 | BP14: 450 | BQ14: 495 | BR14: 600 | BS14: 660 | BT14: 868.75 | BU14: =MAX(BO14, BQ14, BS14) - MIN(BO14, BQ14, BS14) -> 275 | BV14: =BU14/MIN(BO14, BQ14, BS14) -> 0.55555556 | BW14: =(BP14-BR14)/BR14 -> -0.25
A15: 11 | B15: =B14 + 1 -> 11 | C15: 165 | D15: 181.5 | E15: 198 | F15: 217.8 | G15: 165 | H15: 181.5 | I15: 569 | J15: =MAX(D15, F15, H15) - MIN(D15, F15, H15) -> 36.3 | K15: =J15/MIN(D15, F15, H15) -> 0.2 | L15: =(F15-I15)/F15 -> -1.6124885 | M15: =(F15-H15)/F15 -> 0.16666667 | O15: =O14 + 1 -> 11 | P15: 385 | Q15: 423.5 | R15: 220 | S15: 242 | T15: 275 | U15: 302.5 | V15: 624 | W15: =MAX(Q15, S15, U15) - MIN(Q15, S15, U15) -> 181.5 | X15: =(R15-T15)/R15 -> -0.25 | Y15: =(S15-V15)/S15 -> -1.5785124 | AA15: =AA14 + 1 -> 11 | AB15: 440 | AC15: 484 | AD15: 275 | AE15: 302.5 | AF15: 550 | AG15: 605 | AH15: 624 | AI15: =MAX(AC15, AE15, AG15) - MIN(AC15, AE15, AG15) -> 302.5 | AJ15: =(AE15-AG15)/AG15 -> -0.5 | AK15: =(AE15-AH15)/AH15 -> -0.51522436 | AM15: =AM14 + 1 -> 11 | AN15: 770 | AO15: 847 | AP15: 308 | AQ15: 338.8 | AR15: 605 | AS15: 665.5 | AT15: 746.25 | AU15: =MAX(AO15, AQ15, AS15) - MIN(AO15, AQ15, AS15) -> 508.2 | AV15: =AU15/MIN(AO15, AQ15, AS15) -> 1.5 | AW15: =(AP15-AR15)/AR15 -> -0.49090909 | AX15: =(AQ15-AT15)/AT15 -> -0.54599665 | AZ15: =AZ14 + 1 -> 11 | BA15: 770 | BB15: 847 | BC15: 330 | BD15: 363 | BE15: 550 | BF15: 605 | BG15: 790.25 | BH15: =MAX(BB15, BD15, BF15) - MIN(BB15, BD15, BF15) -> 484 | BI15: =BH15/MIN(BB15, BD15, BF15) -> 1.3333333 | BJ15: =(BD15-BG15)/BG15 -> -0.54065169 | BK15: =(BC15-BE15)/BE15 -> -0.4 | BM15: =BM14 + 1 -> 11 | BN15: 770 | BO15: 847 | BP15: 495 | BQ15: 544.5 | BR15: 660 | BS15: 726 | BT15: 955.25 | BU15: =MAX(BO15, BQ15, BS15) - MIN(BO15, BQ15, BS15) -> 302.5 | BV15: =BU15/MIN(BO15, BQ15, BS15) -> 0.55555556 | BW15: =(BP15-BR15)/BR15 -> -0.25
A16: 12 | B16: =B15 + 1 -> 12 | C16: 180 | D16: 198 | E16: 216 | F16: 237.6 | G16: 180 | H16: 198 | I16: 620.5 | J16: =MAX(D16, F16, H16) - MIN(D16, F16, H16) -> 39.6 | K16: =J16/MIN(D16, F16, H16) -> 0.2 | L16: =(F16-I16)/F16 -> -1.611532 | M16: =(F16-H16)/F16 -> 0.16666667 | O16: =O15 + 1 -> 12 | P16: 420 | Q16: 462 | R16: 240 | S16: 264 | T16: 300 | U16: 330 | V16: 680.5 | W16: =MAX(Q16, S16, U16) - MIN(Q16, S16, U16) -> 198 | X16: =(R16-T16)/R16 -> -0.25 | Y16: =(S16-V16)/S16 -> -1.5776515 | AA16: =AA15 + 1 -> 12 | AB16: 480 | AC16: 528 | AD16: 300 | AE16: 330 | AF16: 600 | AG16: 660 | AH16: 680.5 | AI16: =MAX(AC16, AE16, AG16) - MIN(AC16, AE16, AG16) -> 330 | AJ16: =(AE16-AG16)/AG16 -> -0.5 | AK16: =(AE16-AH16)/AH16 -> -0.51506245 | AM16: =AM15 + 1 -> 12 | AN16: 840 | AO16: 924 | AP16: 336 | AQ16: 369.6 | AR16: 660 | AS16: 726 | AT16: 813.75 | AU16: =MAX(AO16, AQ16, AS16) - MIN(AO16, AQ16, AS16) -> 554.4 | AV16: =AU16/MIN(AO16, AQ16, AS16) -> 1.5 | AW16: =(AP16-AR16)/AR16 -> -0.49090909 | AX16: =(AQ16-AT16)/AT16 -> -0.54580645 | AZ16: =AZ15 + 1 -> 12 | BA16: 840 | BB16: 924 | BC16: 360 | BD16: 396 | BE16: 600 | BF16: 660 | BG16: 861.75 | BH16: =MAX(BB16, BD16, BF16) - MIN(BB16, BD16, BF16) -> 528 | BI16: =BH16/MIN(BB16, BD16, BF16) -> 1.3333333 | BJ16: =(BD16-BG16)/BG16 -> -0.54046997 | BK16: =(BC16-BE16)/BE16 -> -0.4 | BM16: =BM15 + 1 -> 12 | BN16: 840 | BO16: 924 | BP16: 540 | BQ16: 594 | BR16: 720 | BS16: 792 | BT16: 1041.75 | BU16: =MAX(BO16, BQ16, BS16) - MIN(BO16, BQ16, BS16) -> 330 | BV16: =BU16/MIN(BO16, BQ16, BS16) -> 0.55555556 | BW16: =(BP16-BR16)/BR16 -> -0.25
A17: 13 | B17: =B16 + 1 -> 13 | C17: 195 | D17: 214.5 | E17: 234 | F17: 257.4 | G17: 195 | H17: 214.5 | I17: 672 | J17: =MAX(D17, F17, H17) - MIN(D17, F17, H17) -> 42.9 | K17: =J17/MIN(D17, F17, H17) -> 0.2 | L17: =(F17-I17)/F17 -> -1.6107226 | M17: =(F17-H17)/F17 -> 0.16666667 | O17: =O16 + 1 -> 13 | P17: 455 | Q17: 500.5 | R17: 260 | S17: 286 | T17: 325 | U17: 357.5 | V17: 737 | W17: =MAX(Q17, S17, U17) - MIN(Q17, S17, U17) -> 214.5 | X17: =(R17-T17)/R17 -> -0.25 | Y17: =(S17-V17)/S17 -> -1.5769231 | AA17: =AA16 + 1 -> 13 | AB17: 520 | AC17: 572 | AD17: 325 | AE17: 357.5 | AF17: 650 | AG17: 715 | AH17: 737 | AI17: =MAX(AC17, AE17, AG17) - MIN(AC17, AE17, AG17) -> 357.5 | AJ17: =(AE17-AG17)/AG17 -> -0.5 | AK17: =(AE17-AH17)/AH17 -> -0.51492537 | AM17: =AM16 + 1 -> 13 | AN17: 910 | AO17: 1001 | AP17: 364 | AQ17: 400.4 | AR17: 715 | AS17: 786.5 | AT17: 881.25 | AU17: =MAX(AO17, AQ17, AS17) - MIN(AO17, AQ17, AS17) -> 600.6 | AV17: =AU17/MIN(AO17, AQ17, AS17) -> 1.5 | AW17: =(AP17-AR17)/AR17 -> -0.49090909 | AX17: =(AQ17-AT17)/AT17 -> -0.54564539 | AZ17: =AZ16 + 1 -> 13 | BA17: 910 | BB17: 1001 | BC17: 390 | BD17: 429 | BE17: 650 | BF17: 715 | BG17: 933.25 | BH17: =MAX(BB17, BD17, BF17) - MIN(BB17, BD17, BF17) -> 572 | BI17: =BH17/MIN(BB17, BD17, BF17) -> 1.3333333 | BJ17: =(BD17-BG17)/BG17 -> -0.5403161 | BK17: =(BC17-BE17)/BE17 -> -0.4 | BM17: =BM16 + 1 -> 13 | BN17: 910 | BO17: 1001 | BP17: 585 | BQ17: 643.5 | BR17: 780 | BS17: 858 | BT17: 1128.25 | BU17: =MAX(BO17, BQ17, BS17) - MIN(BO17, BQ17, BS17) -> 357.5 | BV17: =BU17/MIN(BO17, BQ17, BS17) -> 0.55555556 | BW17: =(BP17-BR17)/BR17 -> -0.25
A18: 14 | B18: =B17 + 1 -> 14 | C18: 210 | D18: 231 | E18: 252 | F18: 277.2 | G18: 210 | H18: 231 | I18: 723.5 | J18: =MAX(D18, F18, H18) - MIN(D18, F18, H18) -> 46.2 | K18: =J18/MIN(D18, F18, H18) -> 0.2 | L18: =(F18-I18)/F18 -> -1.6100289 | M18: =(F18-H18)/F18 -> 0.16666667 | O18: =O17 + 1 -> 14 | P18: 490 | Q18: 539 | R18: 280 | S18: 308 | T18: 350 | U18: 385 | V18: 793.5 | W18: =MAX(Q18, S18, U18) - MIN(Q18, S18, U18) -> 231 | X18: =(R18-T18)/R18 -> -0.25 | Y18: =(S18-V18)/S18 -> -1.5762987 | AA18: =AA17 + 1 -> 14 | AB18: 560 | AC18: 616 | AD18: 350 | AE18: 385 | AF18: 700 | AG18: 770 | AH18: 793.5 | AI18: =MAX(AC18, AE18, AG18) - MIN(AC18, AE18, AG18) -> 385 | AJ18: =(AE18-AG18)/AG18 -> -0.5 | AK18: =(AE18-AH18)/AH18 -> -0.51480781 | AM18: =AM17 + 1 -> 14 | AN18: 980 | AO18: 1078 | AP18: 392 | AQ18: 431.2 | AR18: 770 | AS18: 847 | AT18: 948.75 | AU18: =MAX(AO18, AQ18, AS18) - MIN(AO18, AQ18, AS18) -> 646.8 | AV18: =AU18/MIN(AO18, AQ18, AS18) -> 1.5 | AW18: =(AP18-AR18)/AR18 -> -0.49090909 | AX18: =(AQ18-AT18)/AT18 -> -0.54550725 | AZ18: =AZ17 + 1 -> 14 | BA18: 980 | BB18: 1078 | BC18: 420 | BD18: 462 | BE18: 700 | BF18: 770 | BG18: 1004.75 | BH18: =MAX(BB18, BD18, BF18) - MIN(BB18, BD18, BF18) -> 616 | BI18: =BH18/MIN(BB18, BD18, BF18) -> 1.3333333 | BJ18: =(BD18-BG18)/BG18 -> -0.54018413 | BK18: =(BC18-BE18)/BE18 -> -0.4 | BM18: =BM17 + 1 -> 14 | BN18: 980 | BO18: 1078 | BP18: 630 | BQ18: 693 | BR18: 840 | BS18: 924 | BT18: 1214.75 | BU18: =MAX(BO18, BQ18, BS18) - MIN(BO18, BQ18, BS18) -> 385 | BV18: =BU18/MIN(BO18, BQ18, BS18) -> 0.55555556 | BW18: =(BP18-BR18)/BR18 -> -0.25
... A54: 50 | B54: =B53 + 1 -> 50 | C54: 750 | D54: 825 | E54: 900 | F54: 990 | G54: 750 | H54: 825 | I54: 2577.5 | J54: =MAX(D54, F54, H54) - MIN(D54, F54, H54) -> 165 | K54: =J54/MIN(D54, F54, H54) -> 0.2 | L54: =(F54-I54)/F54 -> -1.6035354 | M54: =(F54-H54)/F54 -> 0.16666667 | O54: =O53 + 1 -> 50 | P54: 1750 | Q54: 1925 | R54: 1000 | S54: 1100 | T54: 1250 | U54: 1375 | V54: 2827.5 | W54: =MAX(Q54, S54, U54) - MIN(Q54, S54, U54) -> 825 | X54: =(R54-T54)/R54 -> -0.25 | Y54: =(S54-V54)/S54 -> -1.5704545 | AA54: =AA53 + 1 -> 50 | AB54: 2000 | AC54: 2200 | AD54: 1250 | AE54: 1375 | AF54: 2500 | AG54: 2750 | AH54: 2827.5 | AI54: =MAX(AC54, AE54, AG54) - MIN(AC54, AE54, AG54) -> 1375 | AJ54: =(AE54-AG54)/AG54 -> -0.5 | AK54: =(AE54-AH54)/AH54 -> -0.51370469 | AM54: =AM53 + 1 -> 50 | AN54: 3500 | AO54: 3850 | AP54: 1400 | AQ54: 1540 | AR54: 2750 | AS54: 3025 | AT54: 3378.75 | AU54: =MAX(AO54, AQ54, AS54) - MIN(AO54, AQ54, AS54) -> 2310 | AV54: =AU54/MIN(AO54, AQ54, AS54) -> 1.5 | AW54: =(AP54-AR54)/AR54 -> -0.49090909 | AX54: =(AQ54-AT54)/AT54 -> -0.54421014 | AZ54: =AZ53 + 1 -> 50 | BA54: 3500 | BB54: 3850 | BC54: 1500 | BD54: 1650 | BE54: 2500 | BF54: 2750 | BG54: 3578.75 | BH54: =MAX(BB54, BD54, BF54) - MIN(BB54, BD54, BF54) -> 2200 | BI54: =BH54/MIN(BB54, BD54, BF54) -> 1.3333333 | BJ54: =(BD54-BG54)/BG54 -> -0.53894516 | BK54: =(BC54-BE54)/BE54 -> -0.4 | BM54: =BM53 + 1 -> 50 | BN54: 3500 | BO54: 3850 | BP54: 2250 | BQ54: 2475 | BR54: 3000 | BS54: 3300 | BT54: 4328.75 | BU54: =MAX(BO54, BQ54, BS54) - MIN(BO54, BQ54, BS54) -> 1375 | BV54: =BU54/MIN(BO54, BQ54, BS54) -> 0.55555556 | BW54: =(BP54-BR54)/BR54 -> -0.25
A55: AVERAGE DIFFERENCE % | K55: =AVERAGE(K5:K54) -> 0.26 | L55: =AVERAGE(L5:L54) -> -1.6088994 | M55: =AVERAGE(M7:M54) -> 0.16666667 | O55: AVERAGE DIFFERENCE % | X55: =AVERAGE(X5:X54) -> -0.25 | Y55: =AVERAGE(Y5:Y54) -> -1.5752822 | AA55: AVERAGE DIFFERENCE % | AJ55: =AVERAGE(AJ7:AJ54) -> -0.5 | AK55: =AVERAGE(AK7:AK54) -> -0.51461263 | AM55: AVERAGE DIFFERENCE % | AV55: =AVERAGE(AV5:AV54) -> 1.4638788 | AW55: =AVERAGE(AW7:AW54) -> -0.49090909 | AX55: =AVERAGE(AX7:AX54) -> -0.54527676 | AZ55: AVERAGE DIFFERENCE % | BI55: =AVERAGE(BI5:BI54) -> 1.3071111 | BJ55: =AVERAGE(BJ5:BJ54) -> -0.53996423 | BK55: =AVERAGE(BK5:BK54) -> -0.4 | BM55: AVERAGE DIFFERENCE % | BV55: =AVERAGE(BV5:BV54) -> 0.56166667 | BW55: =AVERAGE(BW5:BW54) -> -0.25
A57: WITHIN CITY | O57: WITHIN STATE | AA57: WITHIN ZONE | AM57: METRO TO METRO | AZ57: REST OF INDIA | BM57: SPECIAL DESTINATION
A58: DOCUMENT CHARGE BY SURFACE | O58: DOCUMENT CHARGE BY SURFACE | AA58: DOCUMENT CHARGE BY SURFACE | AM58: DOCUMENT CHARGE BY SURFACE | AZ58: DOCUMENT CHARGE BY SURFACE | BM58: DOCUMENT CHARGE BY SURFACE
A59: SR.NO. | B59: KGS | C59: PROFESSIONAL COURIER SERVICE | D59: TOTAL COST | E59: DTDC | F59: TOTAL COST | G59: SHREE MARUTI COURIER SERVICE | H59: TOTAL COST | I59: DIFF. | J59: %DIFF. | O59: KGS | P59: PROFESSIONAL COURIER SERVICE | Q59: TOTAL COST | R59: DTDC | S59: TOTAL COST | T59: SHREE MARUTI COURIER SERVICE | U59: TOTAL COST | V59: DIFF. | W59: %DIFF. | AA59: KGS | AB59: PROFESSIONAL COURIER SERVICE | AC59: TOTAL COST | AD59: DTDC | AE59: TOTAL COST | AF59: SHREE MARUTI COURIER SERVICE | AG59: TOTAL COST | AH59: DIFF. | AI59: %DIFF. | AM59: KGS | AN59: PROFESSIONAL COURIER SERVICE | AO59: TOTAL COST | AP59: DTDC | AQ59: TOTAL COST | AR59: SHREE MARUTI COURIER SERVICE | AS59: TOTAL COST | AT59: DIFF. | AU59: %DIFF. | AZ59: KGS | BA59: PROFESSIONAL COURIER SERVICE | BB59: TOTAL COST | BC59: DTDC | BD59: TOTAL COST | BE59: SHREE MARUTI COURIER SERVICE | BF59: TOTAL COST | BG59: DIFF. | BH59: %DIFF. | BM59: KGS | BN59: PROFESSIONAL COURIER SERVICE | BO59: TOTAL COST | BP59: DTDC | BQ59: TOTAL COST | BR59: SHREE MARUTI COURIER SERVICE | BS59: TOTAL COST | BT59: DIFF. | BU59: %DIFF.
B60: 0.1 | C60: 8 | D60: =C60 + 10%*C60 -> 8.8 | E60: 15 | F60: =E60+10%*E60 -> 16.5 | G60: 10 | H60: =G60 +10%*G60 -> 11 | I60: =MAX(C60, E60, G60) - MIN(C60, E60, G60) -> 7 | J60: =I60/MIN(C60, E60, G60) -> 0.875 | O60: 0.1 | P60: 15 | Q60: =P60 + 10%*P60 -> 16.5 | R60: 16 | S60: =R60+10%*R60 -> 17.6 | T60: 13 | U60: =T60 +10%*T60 -> 14.3 | V60: =MAX(P60, R60, T60) - MIN(P60, R60, T60) -> 3 | W60: =V60/MIN(P60, R60, T60) -> 0.23076923 | AA60: 0.1 | AB60: 20 | AC60: =AB60 + 10%*AB60 -> 22 | AD60: 20.5 | AE60: =AD60+10%*AD60 -> 22.55 | AF60: 20 | AG60: =AF60 +10%*AF60 -> 22 | AH60: =MAX(AB60, AD60, AF60) - MIN(AB60, AD60, AF60) -> 0.5 | AI60: =AH60/MIN(AB60, AD60, AF60) -> 0.025 | AM60: 0.1 | AN60: 35 | AO60: =AN60 + 10%*AN60 -> 38.5 | AP60: 33.5 | AQ60: =AP60+10%*AP60 -> 36.85 | AR60: 20 | AS60: =AR60 +10%*AR60 -> 22 | AT60: =MAX(AN60, AP60, AR60) - MIN(AN60, AP60, AR60) -> 15 | AU60: =AT60/MIN(AN60, AP60, AR60) -> 0.75 | AZ60: 0.1 | BA60: 35 | BB60: =BA60 + 10%*BA60 -> 38.5 | BC60: 36.5 | BD60: =BC60+10%*BC60 -> 40.15 | BE60: 25 | BF60: =BE60 +10%*BE60 -> 27.5 | BG60: =MAX(BA60, BC60, BE60) - MIN(BA60, BC60, BE60) -> 11.5 | BH60: =BG60/MIN(BA60, BC60, BE60) -> 0.46 | BM60: 0.1 | BN60: 35 | BO60: =BN60 + 10%*BN60 -> 38.5 | BP60: 43 | BQ60: =BP60+BP60*10% -> 47.3 | BR60: 60 | BS60: =BR60 +10%*BR60 -> 66 | BT60: =MAX(BN60, BP60, BR60) - MIN(BN60, BP60, BR60) -> 25 | BU60: =BT60/MIN(BN60, BP60, BR60) -> 0.71428571
B61: 0.25 | C61: 10 | D61: =C61 + 10%*C61 -> 11 | E61: 15.5 | F61: =E61+10%*E61 -> 17.05 | G61: 12 | H61: =G61 +10%*G61 -> 13.2 | I61: =MAX(C61, E61, G61) - MIN(C61, E61, G61) -> 5.5 | J61: =I61/MIN(C61, E61, G61) -> 0.55 | O61: 0.25 | P61: 20 | Q61: =P61 + 10%*P61 -> 22 | R61: 16.5 | S61: =R61+10%*R61 -> 18.15 | T61: 20 | U61: =T61 +10%*T61 -> 22 | V61: =MAX(P61, R61, T61) - MIN(P61, R61, T61) -> 3.5 | W61: =V61/MIN(P61, R61, T61) -> 0.21212121 | AA61: 0.25 | AB61: 25 | AC61: =AB61 + 10%*AB61 -> 27.5 | AD61: 22 | AE61: =AD61+10%*AD61 -> 24.2 | AF61: 25 | AG61: =AF61 +10%*AF61 -> 27.5 | AH61: =MAX(AB61, AD61, AF61) - MIN(AB61, AD61, AF61) -> 3 | AI61: =AH61/MIN(AB61, AD61, AF61) -> 0.13636364 | AM61: 0.25 | AN61: 40 | AO61: =AN61 + 10%*AN61 -> 44 | AP61: 35.5 | AQ61: =AP61+10%*AP61 -> 39.05 | AR61: 25 | AS61: =AR61 +10%*AR61 -> 27.5 | AT61: =MAX(AN61, AP61, AR61) - MIN(AN61, AP61, AR61) -> 15 | AU61: =AT61/MIN(AN61, AP61, AR61) -> 0.6 | AZ61: 0.25 | BA61: 40 | BB61: =BA61 + 10%*BA61 -> 44 | BC61: 39.5 | BD61: =BC61+10%*BC61 -> 43.45 | BE61: 30 | BF61: =BE61 +10%*BE61 -> 33 | BG61: =MAX(BA61, BC61, BE61) - MIN(BA61, BC61, BE61) -> 10 | BH61: =BG61/MIN(BA61, BC61, BE61) -> 0.33333333 | BM61: 0.25 | BN61: 40 | BO61: =BN61 + 10%*BN61 -> 44 | BP61: 45.5 | BQ61: =BP61+BP61*10% -> 50.05 | BR61: 60 | BS61: =BR61 +10%*BR61 -> 66 | BT61: =MAX(BN61, BP61, BR61) - MIN(BN61, BP61, BR61) -> 20 | BU61: =BT61/MIN(BN61, BP61, BR61) -> 0.5
B62: 0.5 | C62: 13 | D62: =C62 + 10%*C62 -> 14.3 | E62: 16 | F62: =E62+10%*E62 -> 17.6 | G62: 15 | H62: =G62 +10%*G62 -> 16.5 | I62: =MAX(C62, E62, G62) - MIN(C62, E62, G62) -> 3 | J62: =I62/MIN(C62, E62, G62) -> 0.23076923 | O62: 0.5 | P62: 25 | Q62: =P62 + 10%*P62 -> 27.5 | R62: 17 | S62: =R62+10%*R62 -> 18.7 | T62: 25 | U62: =T62 +10%*T62 -> 27.5 | V62: =MAX(P62, R62, T62) - MIN(P62, R62, T62) -> 8 | W62: =V62/MIN(P62, R62, T62) -> 0.47058824 | AA62: 0.5 | AB62: 30 | AC62: =AB62 + 10%*AB62 -> 33 | AD62: 23 | AE62: =AD62+10%*AD62 -> 25.3 | AF62: 30 | AG62: =AF62 +10%*AF62 -> 33 | AH62: =MAX(AB62, AD62, AF62) - MIN(AB62, AD62, AF62) -> 7 | AI62: =AH62/MIN(AB62, AD62, AF62) -> 0.30434783 | AM62: 0.5 | AN62: 50 | AO62: =AN62 + 10%*AN62 -> 55 | AP62: 45 | AQ62: =AP62+10%*AP62 -> 49.5 | AR62: 30 | AS62: =AR62 +10%*AR62 -> 33 | AT62: =MAX(AN62, AP62, AR62) - MIN(AN62, AP62, AR62) -> 20 | AU62: =AT62/MIN(AN62, AP62, AR62) -> 0.66666667 | AZ62: 0.5 | BA62: 50 | BB62: =BA62 + 10%*BA62 -> 55 | BC62: 50 | BD62: =BC62+10%*BC62 -> 55 | BE62: 35 | BF62: =BE62 +10%*BE62 -> 38.5 | BG62: =MAX(BA62, BC62, BE62) - MIN(BA62, BC62, BE62) -> 15 | BH62: =BG62/MIN(BA62, BC62, BE62) -> 0.42857143 | BM62: 0.5 | BN62: 50 | BO62: =BN62 + 10%*BN62 -> 55 | BP62: 65 | BQ62: =BP62+BP62*10% -> 71.5 | BR62: 60 | BS62: =BR62 +10%*BR62 -> 66 | BT62: =MAX(BN62, BP62, BR62) - MIN(BN62, BP62, BR62) -> 15 | BU62: =BT62/MIN(BN62, BP62, BR62) -> 0.3
B63: 1 | C63: 15 | D63: =C63 + 10%*C63 -> 16.5 | E63: =E62 + 9.5 -> 25.5 | F63: =E63+10%*E63 -> 28.05 | G63: 25 | H63: =G63 +10%*G63 -> 27.5 | I63: =MAX(C63, E63, G63) - MIN(C63, E63, G63) -> 10.5 | J63: =I63/MIN(C63, E63, G63) -> 0.7 | O63: 1 | P63: 30 | Q63: =P63 + 10%*P63 -> 33 | R63: =R62 + 10.5 -> 27.5 | S63: =R63+10%*R63 -> 30.25 | T63: 35 | U63: =T63 +10%*T63 -> 38.5 | V63: =MAX(P63, R63, T63) - MIN(P63, R63, T63) -> 7.5 | W63: =V63/MIN(P63, R63, T63) -> 0.27272727 | AA63: 1 | AB63: 35 | AC63: =AB63 + 10%*AB63 -> 38.5 | AD63: =AD62 +17 -> 40 | AE63: =AD63+10%*AD63 -> 44 | AF63: 45 | AG63: =AF63 +10%*AF63 -> 49.5 | AH63: =MAX(AB63, AD63, AF63) - MIN(AB63, AD63, AF63) -> 10 | AI63: =AH63/MIN(AB63, AD63, AF63) -> 0.28571429 | AM63: 1 | AN63: 65 | AO63: =AN63 + 10%*AN63 -> 71.5 | AP63: =AP62+30 -> 75 | AQ63: =AP63+10%*AP63 -> 82.5 | AR63: 45 | AS63: =AR63 +10%*AR63 -> 49.5 | AT63: =MAX(AN63, AP63, AR63) - MIN(AN63, AP63, AR63) -> 30 | AU63: =AT63/MIN(AN63, AP63, AR63) -> 0.66666667 | AZ63: 1 | BA63: 65 | BB63: =BA63 + 10%*BA63 -> 71.5 | BC63: =BC62+35 -> 85 | BD63: =BC63+10%*BC63 -> 93.5 | BE63: 50 | BF63: =BE63 +10%*BE63 -> 55 | BG63: =MAX(BA63, BC63, BE63) - MIN(BA63, BC63, BE63) -> 35 | BH63: =BG63/MIN(BA63, BC63, BE63) -> 0.7 | BM63: 1 | BN63: 65 | BO63: =BN63 + 10%*BN63 -> 71.5 | BP63: =BP62+60 -> 125 | BQ63: =BP63+BP63*10% -> 137.5 | BR63: 60 | BS63: =BR63 +10%*BR63 -> 66 | BT63: =MAX(BN63, BP63, BR63) - MIN(BN63, BP63, BR63) -> 65 | BU63: =BT63/MIN(BN63, BP63, BR63) -> 1.0833333
A64: AVERAGE DIFFERENCE % | J64: =AVERAGE(J60:J63) -> 0.58894231 | O64: AVERAGE DIFFERENCE % | W64: =AVERAGE(W60:W63) -> 0.29655149 | AA64: AVERAGE DIFFERENCE % | AI64: =AVERAGE(AI60:AI63) -> 0.18785644 | AM64: AVERAGE DIFFERENCE % | AU64: =AVERAGE(AU60:AU63) -> 0.67083333 | AZ64: AVERAGE DIFFERENCE % | BH64: =AVERAGE(BH60:BH63) -> 0.48047619 | BM64: AVERAGE DIFFERENCE % | BU64: =AVERAGE(BU60:BU63) -> 0.64940476

Sheet DTDC PREV VS CURRENT
A1: DOMESTIC COURIER CHARGE
A2: WITHIN CITY | J2: WITHIN STATE | S2: WITHIN ZONE | AB2: METRO TO METRO | AK2: REST OF INDIA | AT2: SPECIAL DESTINATION
A3: NON-DOCUMENT CHARGE BY SURFACE | J3: NON-DOCUMENT CHARGE BY SURFACE | S3: NON-DOCUMENT CHARGE BY SURFACE | AB3: NON-DOCUMENT CHARGE BY SURFACE | AK3: NON-DOCUMENT CHARGE BY SURFACE | AT3: NON-DOCUMENT CHARGE BY SURFACE
A4: SR.NO. | B4: KGS | C4: DTDC PREV | D4: TOTAL COST | E4: DTDC CURRENT | F4: TOTAL COST | G4: DIFF. | H4: %DIFF. | J4: SR.NO. | K4: KGS | L4: DTDC PREV | M4: TOTAL COST | N4: DTDC CURRENT | O4: TOTAL COST | P4: DIFF. | Q4: %DIFF. | S4: SR.NO. | T4: KGS | U4: DTDC PREV | V4: TOTAL COST | W4: DTDC CURRENT | X4: TOTAL COST | Y4: DIFF. | Z4: %DIFF. | AB4: SR.NO. | AC4: KGS | AD4: DTDC PREV | AE4: TOTAL COST | AF4: DTDC CURRENT | AG4: TOTAL COST | AH4: DIFF. | AI4: %DIFF. | AK4: SR.NO. | AL4: KGS | AM4: DTDC PREV | AN4: TOTAL COST | AO4: DTDC CURRENT | AP4: TOTAL COST | AQ4: DIFF. | AR4: %DIFF. | AT4: SR.NO. | AU4: KGS | AV4: DTDC PREV | AW4: TOTAL COST | AX4: DTDC CURRENT | AY4: TOTAL COST | AZ4: DIFF. | BA4: %DIFF.
A5: {=_xlfn.SEQUENCE(50)} -> 1 | B5: 1 | C5: =18*3 -> 54 | D5: =C5 +C5*10% -> 59.4 | E5: {=VLOOKUP(B5:B54, WITHINCITY!B4:E53,4,0)} -> 54 | F5: {=VLOOKUP(B5:B54, WITHINCITY!B4:P53,15,0)} -> 59.4 | J5: {=_xlfn.SEQUENCE(50)} -> 1 | K5: 1 | L5: =20*3 -> 60 | M5: =L5 +L5*10% -> 66 | N5: {=VLOOKUP(K5:K54, WITHINSTATE!B4:E53,4,0)} -> 60 | O5: {=VLOOKUP(K5:K54, WITHINSTATE!B4:P53,15,0)} -> 66 | S5: {=_xlfn.SEQUENCE(50)} -> 1 | T5: 1 | U5: =25*3 -> 75 | V5: =U5 +U5*10% -> 82.5 | W5: {=VLOOKUP(T5:T54, WITHINZONE!B4:E53,4,0)} -> 75 | X5: {=VLOOKUP(T5:T54, WITHINZONE!B4:P53,15,0)} -> 82.5 | AB5: {=_xlfn.SEQUENCE(50)} -> 1 | AC5: 1 | AD5: =30*3 -> 90 | AE5: =AD5 +AD5*10% -> 99 | AF5: {=VLOOKUP(AC5:AC54, 'METRO TO METRO'!B4:E53,4,0)} -> 84 | AG5: {=VLOOKUP(AC5:AC54, 'METRO TO METRO'!B4:P53,15,0)} -> 92.4 | AK5: {=_xlfn.SEQUENCE(50)} -> 1 | AL5: 1 | AM5: =40*3 -> 120 | AN5: =AM5 +AM5*10% -> 132 | AO5: {=VLOOKUP(AL5:AL54, RESTOFINDIA!B4:E53,4,0)} -> 90 | AP5: {=VLOOKUP(AL5:AL54, RESTOFINDIA!B4:P53,15,0)} -> 99 | AT5: {=_xlfn.SEQUENCE(50)} -> 1 | AU5: 1 | AV5: =54*3 -> 162 | AW5: =AV5 +AV5*10% -> 178.2 | AX5: {=VLOOKUP(AU5:AU54, SPECIALDESTINATION!B4:E53,4,0)} -> 135 | AY5: {=VLOOKUP(AU5:AU54, SPECIALDESTINATION!B4:O53,14,0)} -> 148.5
A6: 2 | B6: =B5 + 1 -> 2 | C6: =18*3 -> 54 | D6: =C6 +C6*10% -> 59.4 | E6: 54 | F6: 59.4 | J6: 2 | K6: =K5 + 1 -> 2 | L6: =20*3 -> 60 | M6: =L6 +L6*10% -> 66 | N6: 60 | O6: 66 | S6: 2 | T6: =T5 + 1 -> 2 | U6: =25*3 -> 75 | V6: =U6 +U6*10% -> 82.5 | W6: 75 | X6: 82.5 | AB6: 2 | AC6: =AC5 + 1 -> 2 | AD6: =30*3 -> 90 | AE6: =AD6 +AD6*10% -> 99 | AF6: 84 | AG6: 92.4 | AK6: 2 | AL6: =AL5 + 1 -> 2 | AM6: =40*3 -> 120 | AN6: =AM6 +AM6*10% -> 132 | AO6: 90 | AP6: 99 | AT6: 2 | AU6: =AU5 + 1 -> 2 | AV6: =54*3 -> 162 | AW6: =AV6 +AV6*10% -> 178.2 | AX6: 135 | AY6: 148.5
A7: 3 | B7: =B6 + 1 -> 3 | C7: =18*3 -> 54 | D7: =C7 +C7*10% -> 59.4 | E7: 54 | F7: 59.4 | G7: =D7-F7 -> 0 | H7: =G7/F7 -> 0 | J7: 3 | K7: =K6 + 1 -> 3 | L7: =20*3 -> 60 | M7: =L7 +L7*10% -> 66 | N7: 60 | O7: 66 | P7: =M7-O7 -> 0 | Q7: =P7/O7 -> 0 | S7: 3 | T7: =T6 + 1 -> 3 | U7: =25*3 -> 75 | V7: =U7 +U7*10% -> 82.5 | W7: 75 | X7: 82.5 | Y7: =V7-X7 -> 0 | Z7: =Y7/X7 -> 0 | AB7: 3 | AC7: =AC6 + 1 -> 3 | AD7: =30*3 -> 90 | AE7: =AD7 +AD7*10% -> 99 | AF7: 84 | AG7: 92.4 | AH7: =AE7-AG7 -> 6.6 | AI7: =AH7/AG7 -> 0.071428571 | AK7: 3 | AL7: =AL6 + 1 -> 3 | AM7: =40*3 -> 120 | AN7: =AM7 +AM7*10% -> 132 | AO7: 90 | AP7: 99 | AQ7: =AN7-AP7 -> 33 | AR7: =AQ7/AP7 -> 0.33333333 | AT7: 3 | AU7: =AU6 + 1 -> 3 | AV7: =54*3 -> 162 | AW7: =AV7 +AV7*10% -> 178.2 | AX7: 135 | AY7: 148.5 | AZ7: =AW7-AY7 -> 29.7 | BA7: =AZ7/AY7 -> 0.2
A8: 4 | B8: =B7 + 1 -> 4 | C8: =18*B8 -> 72 | D8: =C8 +C8*10% -> 79.2 | E8: 72 | F8: 79.2 | G8: =D8-F8 -> 0 | H8: =G8/F8 -> 0 | J8: 4 | K8: =K7 + 1 -> 4 | L8: =20*K8 -> 80 | M8: =L8 +L8*10% -> 88 | N8: 80 | O8: 88 | P8: =M8-O8 -> 0 | Q8: =P8/O8 -> 0 | S8: 4 | T8: =T7 + 1 -> 4 | U8: =25*T8 -> 100 | V8: =U8 +U8*10% -> 110 | W8: 100 | X8: 110 | Y8: =V8-X8 -> 0 | Z8: =Y8/X8 -> 0 | AB8: 4 | AC8: =AC7 + 1 -> 4 | AD8: =30*AC8 -> 120 | AE8: =AD8 +AD8*10% -> 132 | AF8: 112 | AG8: 123.2 | AH8: =AE8-AG8 -> 8.8 | AI8: =AH8/AG8 -> 0.071428571 | AK8: 4 | AL8: =AL7 + 1 -> 4 | AM8: =40*AL8 -> 160 | AN8: =AM8 +AM8*10% -> 176 | AO8: 120 | AP8: 132 | AQ8: =AN8-AP8 -> 44 | AR8: =AQ8/AP8 -> 0.33333333 | AT8: 4 | AU8: =AU7 + 1 -> 4 | AV8: =54*AU8 -> 216 | AW8: =AV8 +AV8*10% -> 237.6 | AX8: 180 | AY8: 198 | AZ8: =AW8-AY8 -> 39.6 | BA8: =AZ8/AY8 -> 0.2
A9: 5 | B9: =B8 + 1 -> 5 | C9: =18*B9 -> 90 | D9: =C9 +C9*10% -> 99 | E9: 90 | F9: 99 | G9: =D9-F9 -> 0 | H9: =G9/F9 -> 0 | J9: 5 | K9: =K8 + 1 -> 5 | L9: =20*K9 -> 100 | M9: =L9 +L9*10% -> 110 | N9: 100 | O9: 110 | P9: =M9-O9 -> 0 | Q9: =P9/O9 -> 0 | S9: 5 | T9: =T8 + 1 -> 5 | U9: =25*T9 -> 125 | V9: =U9 +U9*10% -> 137.5 | W9: 125 | X9: 137.5 | Y9: =V9-X9 -> 0 | Z9: =Y9/X9 -> 0 | AB9: 5 | AC9: =AC8 + 1 -> 5 | AD9: =30*AC9 -> 150 | AE9: =AD9 +AD9*10% -> 165 | AF9: 140 | AG9: 154 | AH9: =AE9-AG9 -> 11 | AI9: =AH9/AG9 -> 0.071428571 | AK9: 5 | AL9: =AL8 + 1 -> 5 | AM9: =40*AL9 -> 200 | AN9: =AM9 +AM9*10% -> 220 | AO9: 150 | AP9: 165 | AQ9: =AN9-AP9 -> 55 | AR9: =AQ9/AP9 -> 0.33333333 | AT9: 5 | AU9: =AU8 + 1 -> 5 | AV9: =54*AU9 -> 270 | AW9: =AV9 +AV9*10% -> 297 | AX9: 225 | AY9: 247.5 | AZ9: =AW9-AY9 -> 49.5 | BA9: =AZ9/AY9 -> 0.2
A10: 6 | B10: =B9 + 1 -> 6 | C10: =18*B10 -> 108 | D10: =C10 +C10*10% -> 118.8 | E10: 108 | F10: 118.8 | G10: =D10-F10 -> 0 | H10: =G10/F10 -> 0 | J10: 6 | K10: =K9 + 1 -> 6 | L10: =20*K10 -> 120 | M10: =L10 +L10*10% -> 132 | N10: 120 | O10: 132 | P10: =M10-O10 -> 0 | Q10: =P10/O10 -> 0 | S10: 6 | T10: =T9 + 1 -> 6 | U10: =25*T10 -> 150 | V10: =U10 +U10*10% -> 165 | W10: 150 | X10: 165 | Y10: =V10-X10 -> 0 | Z10: =Y10/X10 -> 0 | AB10: 6 | AC10: =AC9 + 1 -> 6 | AD10: =30*AC10 -> 180 | AE10: =AD10 +AD10*10% -> 198 | AF10: 168 | AG10: 184.8 | AH10: =AE10-AG10 -> 13.2 | AI10: =AH10/AG10 -> 0.071428571 | AK10: 6 | AL10: =AL9 + 1 -> 6 | AM10: =40*AL10 -> 240 | AN10: =AM10 +AM10*10% -> 264 | AO10: 180 | AP10: 198 | AQ10: =AN10-AP10 -> 66 | AR10: =AQ10/AP10 -> 0.33333333 | AT10: 6 | AU10: =AU9 + 1 -> 6 | AV10: =54*AU10 -> 324 | AW10: =AV10 +AV10*10% -> 356.4 | AX10: 270 | AY10: 297 | AZ10: =AW10-AY10 -> 59.4 | BA10: =AZ10/AY10 -> 0.2
A11: 7 | B11: =B10 + 1 -> 7 | C11: =18*B11 -> 126 | D11: =C11 +C11*10% -> 138.6 | E11: 126 | F11: 138.6 | G11: =D11-F11 -> 0 | H11: =G11/F11 -> 0 | J11: 7 | K11: =K10 + 1 -> 7 | L11: =20*K11 -> 140 | M11: =L11 +L11*10% -> 154 | N11: 140 | O11: 154 | P11: =M11-O11 -> 0 | Q11: =P11/O11 -> 0 | S11: 7 | T11: =T10 + 1 -> 7 | U11: =25*T11 -> 175 | V11: =U11 +U11*10% -> 192.5 | W11: 175 | X11: 192.5 | Y11: =V11-X11 -> 0 | Z11: =Y11/X11 -> 0 | AB11: 7 | AC11: =AC10 + 1 -> 7 | AD11: =30*AC11 -> 210 | AE11: =AD11 +AD11*10% -> 231 | AF11: 196 | AG11: 215.6 | AH11: =AE11-AG11 -> 15.4 | AI11: =AH11/AG11 -> 0.071428571 | AK11: 7 | AL11: =AL10 + 1 -> 7 | AM11: =40*AL11 -> 280 | AN11: =AM11 +AM11*10% -> 308 | AO11: 210 | AP11: 231 | AQ11: =AN11-AP11 -> 77 | AR11: =AQ11/AP11 -> 0.33333333 | AT11: 7 | AU11: =AU10 + 1 -> 7 | AV11: =54*AU11 -> 378 | AW11: =AV11 +AV11*10% -> 415.8 | AX11: 315 | AY11: 346.5 | AZ11: =AW11-AY11 -> 69.3 | BA11: =AZ11/AY11 -> 0.2
A12: 8 | B12: =B11 + 1 -> 8 | C12: =18*B12 -> 144 | D12: =C12 +C12*10% -> 158.4 | E12: 144 | F12: 158.4 | G12: =D12-F12 -> 0 | H12: =G12/F12 -> 0 | J12: 8 | K12: =K11 + 1 -> 8 | L12: =20*K12 -> 160 | M12: =L12 +L12*10% -> 176 | N12: 160 | O12: 176 | P12: =M12-O12 -> 0 | Q12: =P12/O12 -> 0 | S12: 8 | T12: =T11 + 1 -> 8 | U12: =25*T12 -> 200 | V12: =U12 +U12*10% -> 220 | W12: 200 | X12: 220 | Y12: =V12-X12 -> 0 | Z12: =Y12/X12 -> 0 | AB12: 8 | AC12: =AC11 + 1 -> 8 | AD12: =30*AC12 -> 240 | AE12: =AD12 +AD12*10% -> 264 | AF12: 224 | AG12: 246.4 | AH12: =AE12-AG12 -> 17.6 | AI12: =AH12/AG12 -> 0.071428571 | AK12: 8 | AL12: =AL11 + 1 -> 8 | AM12: =40*AL12 -> 320 | AN12: =AM12 +AM12*10% -> 352 | AO12: 240 | AP12: 264 | AQ12: =AN12-AP12 -> 88 | AR12: =AQ12/AP12 -> 0.33333333 | AT12: 8 | AU12: =AU11 + 1 -> 8 | AV12: =54*AU12 -> 432 | AW12: =AV12 +AV12*10% -> 475.2 | AX12: 360 | AY12: 396 | AZ12: =AW12-AY12 -> 79.2 | BA12: =AZ12/AY12 -> 0.2
A13: 9 | B13: =B12 + 1 -> 9 | C13: =18*B13 -> 162 | D13: =C13 +C13*10% -> 178.2 | E13: 162 | F13: 178.2 | G13: =D13-F13 -> 0 | H13: =G13/F13 -> 0 | J13: 9 | K13: =K12 + 1 -> 9 | L13: =20*K13 -> 180 | M13: =L13 +L13*10% -> 198 | N13: 180 | O13: 198 | P13: =M13-O13 -> 0 | Q13: =P13/O13 -> 0 | S13: 9 | T13: =T12 + 1 -> 9 | U13: =25*T13 -> 225 | V13: =U13 +U13*10% -> 247.5 | W13: 225 | X13: 247.5 | Y13: =V13-X13 -> 0 | Z13: =Y13/X13 -> 0 | AB13: 9 | AC13: =AC12 + 1 -> 9 | AD13: =30*AC13 -> 270 | AE13: =AD13 +AD13*10% -> 297 | AF13: 252 | AG13: 277.2 | AH13: =AE13-AG13 -> 19.8 | AI13: =AH13/AG13 -> 0.071428571 | AK13: 9 | AL13: =AL12 + 1 -> 9 | AM13: =40*AL13 -> 360 | AN13: =AM13 +AM13*10% -> 396 | AO13: 270 | AP13: 297 | AQ13: =AN13-AP13 -> 99 | AR13: =AQ13/AP13 -> 0.33333333 | AT13: 9 | AU13: =AU12 + 1 -> 9 | AV13: =54*AU13 -> 486 | AW13: =AV13 +AV13*10% -> 534.6 | AX13: 405 | AY13: 445.5 | AZ13: =AW13-AY13 -> 89.1 | BA13: =AZ13/AY13 -> 0.2
A14: 10 | B14: =B13 + 1 -> 10 | C14: =18*B14 -> 180 | D14: =C14 +C14*10% -> 198 | E14: 180 | F14: 198 | G14: =D14-F14 -> 0 | H14: =G14/F14 -> 0 | J14: 10 | K14: =K13 + 1 -> 10 | L14: =20*K14 -> 200 | M14: =L14 +L14*10% -> 220 | N14: 200 | O14: 220 | P14: =M14-O14 -> 0 | Q14: =P14/O14 -> 0 | S14: 10 | T14: =T13 + 1 -> 10 | U14: =25*T14 -> 250 | V14: =U14 +U14*10% -> 275 | W14: 250 | X14: 275 | Y14: =V14-X14 -> 0 | Z14: =Y14/X14 -> 0 | AB14: 10 | AC14: =AC13 + 1 -> 10 | AD14: =30*AC14 -> 300 | AE14: =AD14 +AD14*10% -> 330 | AF14: 280 | AG14: 308 | AH14: =AE14-AG14 -> 22 | AI14: =AH14/AG14 -> 0.071428571 | AK14: 10 | AL14: =AL13 + 1 -> 10 | AM14: =40*AL14 -> 400 | AN14: =AM14 +AM14*10% -> 440 | AO14: 300 | AP14: 330 | AQ14: =AN14-AP14 -> 110 | AR14: =AQ14/AP14 -> 0.33333333 | AT14: 10 | AU14: =AU13 + 1 -> 10 | AV14: =54*AU14 -> 540 | AW14: =AV14 +AV14*10% -> 594 | AX14: 450 | AY14: 495 | AZ14: =AW14-AY14 -> 99 | BA14: =AZ14/AY14 -> 0.2
A15: 11 | B15: =B14 + 1 -> 11 | C15: =18*B15 -> 198 | D15: =C15 +C15*10% -> 217.8 | E15: 198 | F15: 217.8 | G15: =D15-F15 -> 0 | H15: =G15/F15 -> 0 | J15: 11 | K15: =K14 + 1 -> 11 | L15: =20*K15 -> 220 | M15: =L15 +L15*10% -> 242 | N15: 220 | O15: 242 | P15: =M15-O15 -> 0 | Q15: =P15/O15 -> 0 | S15: 11 | T15: =T14 + 1 -> 11 | U15: =25*T15 -> 275 | V15: =U15 +U15*10% -> 302.5 | W15: 275 | X15: 302.5 | Y15: =V15-X15 -> 0 | Z15: =Y15/X15 -> 0 | AB15: 11 | AC15: =AC14 + 1 -> 11 | AD15: =30*AC15 -> 330 | AE15: =AD15 +AD15*10% -> 363 | AF15: 308 | AG15: 338.8 | AH15: =AE15-AG15 -> 24.2 | AI15: =AH15/AG15 -> 0.071428571 | AK15: 11 | AL15: =AL14 + 1 -> 11 | AM15: =40*AL15 -> 440 | AN15: =AM15 +AM15*10% -> 484 | AO15: 330 | AP15: 363 | AQ15: =AN15-AP15 -> 121 | AR15: =AQ15/AP15 -> 0.33333333 | AT15: 11 | AU15: =AU14 + 1 -> 11 | AV15: =54*AU15 -> 594 | AW15: =AV15 +AV15*10% -> 653.4 | AX15: 495 | AY15: 544.5 | AZ15: =AW15-AY15 -> 108.9 | BA15: =AZ15/AY15 -> 0.2
A16: 12 | B16: =B15 + 1 -> 12 | C16: =18*B16 -> 216 | D16: =C16 +C16*10% -> 237.6 | E16: 216 | F16: 237.6 | G16: =D16-F16 -> 0 | H16: =G16/F16 -> 0 | J16: 12 | K16: =K15 + 1 -> 12 | L16: =20*K16 -> 240 | M16: =L16 +L16*10% -> 264 | N16: 240 | O16: 264 | P16: =M16-O16 -> 0 | Q16: =P16/O16 -> 0 | S16: 12 | T16: =T15 + 1 -> 12 | U16: =25*T16 -> 300 | V16: =U16 +U16*10% -> 330 | W16: 300 | X16: 330 | Y16: =V16-X16 -> 0 | Z16: =Y16/X16 -> 0 | AB16: 12 | AC16: =AC15 + 1 -> 12 | AD16: =30*AC16 -> 360 | AE16: =AD16 +AD16*10% -> 396 | AF16: 336 | AG16: 369.6 | AH16: =AE16-AG16 -> 26.4 | AI16: =AH16/AG16 -> 0.071428571 | AK16: 12 | AL16: =AL15 + 1 -> 12 | AM16: =40*AL16 -> 480 | AN16: =AM16 +AM16*10% -> 528 | AO16: 360 | AP16: 396 | AQ16: =AN16-AP16 -> 132 | AR16: =AQ16/AP16 -> 0.33333333 | AT16: 12 | AU16: =AU15 + 1 -> 12 | AV16: =54*AU16 -> 648 | AW16: =AV16 +AV16*10% -> 712.8 | AX16: 540 | AY16: 594 | AZ16: =AW16-AY16 -> 118.8 | BA16: =AZ16/AY16 -> 0.2
A17: 13 | B17: =B16 + 1 -> 13 | C17: =18*B17 -> 234 | D17: =C17 +C17*10% -> 257.4 | E17: 234 | F17: 257.4 | G17: =D17-F17 -> 0 | H17: =G17/F17 -> 0 | J17: 13 | K17: =K16 + 1 -> 13 | L17: =20*K17 -> 260 | M17: =L17 +L17*10% -> 286 | N17: 260 | O17: 286 | P17: =M17-O17 -> 0 | Q17: =P17/O17 -> 0 | S17: 13 | T17: =T16 + 1 -> 13 | U17: =25*T17 -> 325 | V17: =U17 +U17*10% -> 357.5 | W17: 325 | X17: 357.5 | Y17: =V17-X17 -> 0 | Z17: =Y17/X17 -> 0 | AB17: 13 | AC17: =AC16 + 1 -> 13 | AD17: =30*AC17 -> 390 | AE17: =AD17 +AD17*10% -> 429 | AF17: 364 | AG17: 400.4 | AH17: =AE17-AG17 -> 28.6 | AI17: =AH17/AG17 -> 0.071428571 | AK17: 13 | AL17: =AL16 + 1 -> 13 | AM17: =40*AL17 -> 520 | AN17: =AM17 +AM17*10% -> 572 | AO17: 390 | AP17: 429 | AQ17: =AN17-AP17 -> 143 | AR17: =AQ17/AP17 -> 0.33333333 | AT17: 13 | AU17: =AU16 + 1 -> 13 | AV17: =54*AU17 -> 702 | AW17: =AV17 +AV17*10% -> 772.2 | AX17: 585 | AY17: 643.5 | AZ17: =AW17-AY17 -> 128.7 | BA17: =AZ17/AY17 -> 0.2
A18: 14 | B18: =B17 + 1 -> 14 | C18: =18*B18 -> 252 | D18: =C18 +C18*10% -> 277.2 | E18: 252 | F18: 277.2 | G18: =D18-F18 -> 0 | H18: =G18/F18 -> 0 | J18: 14 | K18: =K17 + 1 -> 14 | L18: =20*K18 -> 280 | M18: =L18 +L18*10% -> 308 | N18: 280 | O18: 308 | P18: =M18-O18 -> 0 | Q18: =P18/O18 -> 0 | S18: 14 | T18: =T17 + 1 -> 14 | U18: =25*T18 -> 350 | V18: =U18 +U18*10% -> 385 | W18: 350 | X18: 385 | Y18: =V18-X18 -> 0 | Z18: =Y18/X18 -> 0 | AB18: 14 | AC18: =AC17 + 1 -> 14 | AD18: =30*AC18 -> 420 | AE18: =AD18 +AD18*10% -> 462 | AF18: 392 | AG18: 431.2 | AH18: =AE18-AG18 -> 30.8 | AI18: =AH18/AG18 -> 0.071428571 | AK18: 14 | AL18: =AL17 + 1 -> 14 | AM18: =40*AL18 -> 560 | AN18: =AM18 +AM18*10% -> 616 | AO18: 420 | AP18: 462 | AQ18: =AN18-AP18 -> 154 | AR18: =AQ18/AP18 -> 0.33333333 | AT18: 14 | AU18: =AU17 + 1 -> 14 | AV18: =54*AU18 -> 756 | AW18: =AV18 +AV18*10% -> 831.6 | AX18: 630 | AY18: 693 | AZ18: =AW18-AY18 -> 138.6 | BA18: =AZ18/AY18 -> 0.2
A19: 15 | B19: =B18 + 1 -> 15 | C19: =18*B19 -> 270 | D19: =C19 +C19*10% -> 297 | E19: 270 | F19: 297 | G19: =D19-F19 -> 0 | H19: =G19/F19 -> 0 | J19: 15 | K19: =K18 + 1 -> 15 | L19: =20*K19 -> 300 | M19: =L19 +L19*10% -> 330 | N19: 300 | O19: 330 | P19: =M19-O19 -> 0 | Q19: =P19/O19 -> 0 | S19: 15 | T19: =T18 + 1 -> 15 | U19: =25*T19 -> 375 | V19: =U19 +U19*10% -> 412.5 | W19: 375 | X19: 412.5 | Y19: =V19-X19 -> 0 | Z19: =Y19/X19 -> 0 | AB19: 15 | AC19: =AC18 + 1 -> 15 | AD19: =30*AC19 -> 450 | AE19: =AD19 +AD19*10% -> 495 | AF19: 420 | AG19: 462 | AH19: =AE19-AG19 -> 33 | AI19: =AH19/AG19 -> 0.071428571 | AK19: 15 | AL19: =AL18 + 1 -> 15 | AM19: =40*AL19 -> 600 | AN19: =AM19 +AM19*10% -> 660 | AO19: 450 | AP19: 495 | AQ19: =AN19-AP19 -> 165 | AR19: =AQ19/AP19 -> 0.33333333 | AT19: 15 | AU19: =AU18 + 1 -> 15 | AV19: =54*AU19 -> 810 | AW19: =AV19 +AV19*10% -> 891 | AX19: 675 | AY19: 742.5 | AZ19: =AW19-AY19 -> 148.5 | BA19: =AZ19/AY19 -> 0.2
... A54: 50 | B54: =B53 + 1 -> 50 | C54: =18*B54 -> 900 | D54: =C54 +C54*10% -> 990 | E54: 900 | F54: 990 | G54: =D54-F54 -> 0 | H54: =G54/F54 -> 0 | J54: 50 | K54: =K53 + 1 -> 50 | L54: =20*K54 -> 1000 | M54: =L54 +L54*10% -> 1100 | N54: 1000 | O54: 1100 | P54: =M54-O54 -> 0 | Q54: =P54/O54 -> 0 | S54: 50 | T54: =T53 + 1 -> 50 | U54: =25*T54 -> 1250 | V54: =U54 +U54*10% -> 1375 | W54: 1250 | X54: 1375 | Y54: =V54-X54 -> 0 | Z54: =Y54/X54 -> 0 | AB54: 50 | AC54: =AC53 + 1 -> 50 | AD54: =30*AC54 -> 1500 | AE54: =AD54 +AD54*10% -> 1650 | AF54: 1400 | AG54: 1540 | AH54: =AE54-AG54 -> 110 | AI54: =AH54/AG54 -> 0.071428571 | AK54: 50 | AL54: =AL53 + 1 -> 50 | AM54: =40*AL54 -> 2000 | AN54: =AM54 +AM54*10% -> 2200 | AO54: 1500 | AP54: 1650 | AQ54: =AN54-AP54 -> 550 | AR54: =AQ54/AP54 -> 0.33333333 | AT54: 50 | AU54: =AU53 + 1 -> 50 | AV54: =54*AU54 -> 2700 | AW54: =AV54 +AV54*10% -> 2970 | AX54: 2250 | AY54: 2475 | AZ54: =AW54-AY54 -> 495 | BA54: =AZ54/AY54 -> 0.2
A55: AVERAGE DIFFERENCE % | H55: =AVERAGE(H7:H54) -> 0 | J55: AVERAGE DIFFERENCE % | Q55: =AVERAGE(Q7:Q54) -> 0 | S55: AVERAGE DIFFERENCE % | Z55: =AVERAGE(Z7:Z54) -> 0 | AB55: AVERAGE DIFFERENCE % | AI55: =AVERAGE(AI7:AI54) -> 0.071428571 | AK55: AVERAGE DIFFERENCE % | AR55: =AVERAGE(AR7:AR54) -> 0.33333333 | AT55: AVERAGE DIFFERENCE % | BA55: =AVERAGE(BA7:BA54) -> 0.2
A57: WITHIN CITY | J57: WITHIN STATE | S57: WITHIN ZONE | AB57: METRO TO METRO | AK57: REST OF INDIA | AT57: SPECIAL DESTINATION
A58: DOCUMENT CHARGE BY SURFACE | J58: DOCUMENT CHARGE BY SURFACE | S58: DOCUMENT CHARGE BY SURFACE | AB58: NON-DOCUMENT CHARGE BY SURFACE | AK58: DOCUMENT CHARGE BY SURFACE | AT58: DOCUMENT CHARGE BY SURFACE
A59: SR.NO. | B59: KGS | C59: DTDC PREV | D59: TOTAL COST | E59: DTDC CURRENT | F59: TOTAL COST | G59: DIFF. | H59: %DIFF. | J59: SR.NO. | K59: KGS | L59: DTDC PREV | M59: TOTAL COST | N59: DTDC CURRENT | O59: TOTAL COST | P59: DIFF. | Q59: %DIFF. | S59: SR.NO. | T59: KGS | U59: DTDC PREV | V59: TOTAL COST | W59: DTDC CURRENT | X59: TOTAL COST | Y59: DIFF. | Z59: %DIFF. | AB59: SR.NO. | AC59: KGS | AD59: DTDC PREV | AE59: TOTAL COST | AF59: DTDC CURRENT | AG59: TOTAL COST | AH59: DIFF. | AI59: %DIFF. | AK59: SR.NO. | AL59: KGS | AM59: DTDC PREV | AN59: TOTAL COST | AO59: DTDC CURRENT | AP59: TOTAL COST | AQ59: DIFF. | AR59: %DIFF. | AT59: SR.NO. | AU59: KGS | AV59: DTDC PREV | AW59: TOTAL COST | AX59: DTDC CURRENT | AY59: TOTAL COST | AZ59: DIFF. | BA59: %DIFF.
A60: {=_xlfn.SEQUENCE(4)} -> 1 | B60: 0.1 | C60: 15 | D60: =C60 +10%*C60 -> 16.5 | E60: 12.5 | F60: =E60+10%*E60 -> 13.75 | G60: =D60-F60 -> 2.75 | H60: =G60/F60 -> 0.2 | J60: {=_xlfn.SEQUENCE(4)} -> 1 | K60: 0.1 | L60: 16 | M60: =L60 +10%*L60 -> 17.6 | N60: 13.5 | O60: =N60+10%*N60 -> 14.85 | P60: =M60-O60 -> 2.75 | Q60: =P60/O60 -> 0.18518519 | S60: {=_xlfn.SEQUENCE(4)} -> 1 | T60: 0.1 | U60: 20.5 | V60: =U60 +10%*U60 -> 22.55 | W60: 16.5 | X60: =W60+10%*W60 -> 18.15 | Y60: =V60-X60 -> 4.4 | Z60: =Y60/X60 -> 0.24242424 | AB60: {=_xlfn.SEQUENCE(4)} -> 1 | AC60: 0.1 | AD60: 33.5 | AE60: =AD60 +10%*AD60 -> 36.85 | AF60: 26.5 | AG60: =AF60+10%*AF60 -> 29.15 | AH60: =AE60-AG60 -> 7.7 | AI60: =AH60/AG60 -> 0.26415094 | AK60: {=_xlfn.SEQUENCE(4)} -> 1 | AL60: 0.1 | AM60: 36.5 | AN60: =AM60 +10%*AM60 -> 40.15 | AO60: 29 | AP60: =AO60+10%*AO60 -> 31.9 | AQ60: =AN60-AP60 -> 8.25 | AR60: =AQ60/AP60 -> 0.25862069 | AT60: {=_xlfn.SEQUENCE(4)} -> 1 | AU60: 0.1 | AV60: 43 | AW60: =AV60 +10%*AV60 -> 47.3 | AX60: 36.5 | AY60: =AX60+AX60*10% -> 40.15 | AZ60: =AW60-AY60 -> 7.15 | BA60: =AZ60/AY60 -> 0.17808219
A61: 2 | B61: 0.25 | C61: 15.5 | D61: =C61 +10%*C61 -> 17.05 | E61: 13 | F61: =E61+10%*E61 -> 14.3 | G61: =D61-F61 -> 2.75 | H61: =G61/F61 -> 0.19230769 | J61: 2 | K61: 0.25 | L61: 16.5 | M61: =L61 +10%*L61 -> 18.15 | N61: 14 | O61: =N61+10%*N61 -> 15.4 | P61: =M61-O61 -> 2.75 | Q61: =P61/O61 -> 0.17857143 | S61: 2 | T61: 0.25 | U61: 22 | V61: =U61 +10%*U61 -> 24.2 | W61: 18 | X61: =W61+10%*W61 -> 19.8 | Y61: =V61-X61 -> 4.4 | Z61: =Y61/X61 -> 0.22222222 | AB61: 2 | AC61: 0.25 | AD61: 35.5 | AE61: =AD61 +10%*AD61 -> 39.05 | AF61: 28.5 | AG61: =AF61+10%*AF61 -> 31.35 | AH61: =AE61-AG61 -> 7.7 | AI61: =AH61/AG61 -> 0.24561404 | AK61: 2 | AL61: 0.25 | AM61: 39.5 | AN61: =AM61 +10%*AM61 -> 43.45 | AO61: 31.5 | AP61: =AO61+10%*AO61 -> 34.65 | AQ61: =AN61-AP61 -> 8.8 | AR61: =AQ61/AP61 -> 0.25396825 | AT61: 2 | AU61: 0.25 | AV61: 45.5 | AW61: =AV61 +10%*AV61 -> 50.05 | AX61: 38.5 | AY61: =AX61+AX61*10% -> 42.35 | AZ61: =AW61-AY61 -> 7.7 | BA61: =AZ61/AY61 -> 0.18181818
A62: 3 | B62: 0.5 | C62: 16 | D62: =C62 +10%*C62 -> 17.6 | E62: 13.5 | F62: =E62+10%*E62 -> 14.85 | G62: =D62-F62 -> 2.75 | H62: =G62/F62 -> 0.18518519 | J62: 3 | K62: 0.5 | L62: 17 | M62: =L62 +10%*L62 -> 18.7 | N62: 14.5 | O62: =N62+10%*N62 -> 15.95 | P62: =M62-O62 -> 2.75 | Q62: =P62/O62 -> 0.17241379 | S62: 3 | T62: 0.5 | U62: 23 | V62: =U62 +10%*U62 -> 25.3 | W62: 19 | X62: =W62+10%*W62 -> 20.9 | Y62: =V62-X62 -> 4.4 | Z62: =Y62/X62 -> 0.21052632 | AB62: 3 | AC62: 0.5 | AD62: 45 | AE62: =AD62 +10%*AD62 -> 49.5 | AF62: 41.5 | AG62: =AF62+10%*AF62 -> 45.65 | AH62: =AE62-AG62 -> 3.85 | AI62: =AH62/AG62 -> 0.084337349 | AK62: 3 | AL62: 0.5 | AM62: 50 | AN62: =AM62 +10%*AM62 -> 55 | AO62: 44.5 | AP62: =AO62+10%*AO62 -> 48.95 | AQ62: =AN62-AP62 -> 6.05 | AR62: =AQ62/AP62 -> 0.12359551 | AT62: 3 | AU62: 0.5 | AV62: 65 | AW62: =AV62 +10%*AV62 -> 71.5 | AX62: 63 | AY62: =AX62+AX62*10% -> 69.3 | AZ62: =AW62-AY62 -> 2.2 | BA62: =AZ62/AY62 -> 0.031746032
A63: 4 | B63: 1 | C63: =C62+9.5 -> 25.5 | D63: =C63 +10%*C63 -> 28.05 | E63: =E62 + 7.5 -> 21 | F63: =E63+10%*E63 -> 23.1 | G63: =D63-F63 -> 4.95 | H63: =G63/F63 -> 0.21428571 | J63: 4 | K63: 1 | L63: =L62 + 10.5 -> 27.5 | M63: =L63 +10%*L63 -> 30.25 | N63: =N62+8.5 -> 23 | O63: =N63+10%*N63 -> 25.3 | P63: =M63-O63 -> 4.95 | Q63: =P63/O63 -> 0.19565217 | S63: 4 | T63: 1 | U63: =U62 +17 -> 40 | V63: =U63 +10%*U63 -> 44 | W63: =W62 +14.5 -> 33.5 | X63: =W63+10%*W63 -> 36.85 | Y63: =V63-X63 -> 7.15 | Z63: =Y63/X63 -> 0.19402985 | AB63: 4 | AC63: 1 | AD63: =AD62+30 -> 75 | AE63: =AD63 +10%*AD63 -> 82.5 | AF63: =AF62+35.5 -> 77 | AG63: =AF63+10%*AF63 -> 84.7 | AH63: =AE63-AG63 -> -2.2 | AI63: =AH63/AG63 -> -0.025974026 | AK63: 4 | AL63: 1 | AM63: =AM62+35 -> 85 | AN63: =AM63 +10%*AM63 -> 93.5 | AO63: =AO62 + 38 -> 82.5 | AP63: =AO63+10%*AO63 -> 90.75 | AQ63: =AN63-AP63 -> 2.75 | AR63: =AQ63/AP63 -> 0.03030303 | AT63: 4 | AU63: 1 | AV63: =AV62+60 -> 125 | AW63: =AV63 +10%*AV63 -> 137.5 | AX63: =AX62+55.5 -> 118.5 | AY63: =AX63+AX63*10% -> 130.35 | AZ63: =AW63-AY63 -> 7.15 | BA63: =AZ63/AY63 -> 0.054852321
A64: AVERAGE DIFFERENCE % | H64: =AVERAGE(H60:H63) -> 0.19794465 | J64: AVERAGE DIFFERENCE % | Q64: =AVERAGE(Q60:Q63) -> 0.18295565 | S64: AVERAGE DIFFERENCE % | Z64: =AVERAGE(Z60:Z63) -> 0.21730066 | AB64: AVERAGE DIFFERENCE % | AI64: =AVERAGE(AI60:AI63) -> 0.14203208 | AK64: AVERAGE DIFFERENCE % | AR64: =AVERAGE(AR60:AR63) -> 0.16662187 | AT64: AVERAGE DIFFERENCE % | BA64: =AVERAGE(BA60:BA63) -> 0.11162468

Sheet SPECIALDESTINATION
A1: SR.NO. | B1: KGS | C1: PROFESSIONAL PER KG | D1: ANJANI COURIERS PER KG | E1: DTDC PER KG | F1: SHREE MARUTI COURIER SERVICE PER KG | G1: ITHINK LOGISTICS DELHIVERY | H1: ITHINK LOGISTICS BLUEDART | I1: ITHINK LOGISTICS EKART | J1: ITHINK LOGISTICS SHADOWFAX | K1: ITHINK LOGISTICS AMAZON | L1: ITHINK LOGISTICS DTDC | M1: ITHINK LOGISTICS XPRESSBEES | N1: PROFESSIONAL COURIER SERVICE | O1: DTDC | P1: SHREE MARUTI COURIER SERVICE | Q1: ANJANI COURIER SERVICE | R1: HIGHEST COST | S1: LOWEST COST | T1: DIFFERENCE | U1: CHEAPEST COURIER | V1: EXPENSIVE COURIER
G2: FWD ADDN 0.5KG | H2: FWD ADDN 0.5KG | I2: FWD ADDN 0.5KG | J2: FWD ADDN 0.5KG | K2: FWD ADDN 0.5KG | L2: FWD ADDN 0.5KG | M2: FWD ADDN 0.5KG | N2: FUEL SURCHARGE | O2: FUEL SURCHARGE | P2: FUEL SURCHARGE | Q2: FUEL SURCHARGE
C3: 70 | D3: 180 | E3: 45 | F3: 60 | G3: 57 | H3: 58.98 | I3: 49.5 | J3: 43.25 | K3: 45.75 | L3: 54.44 | M3: 50.5 | N3: 0.1 | O3: 0.1 | P3: 0.1 | Q3: 0.35
A4: {=_xlfn.SEQUENCE(50)} -> 1 | B4: 1 | C4: =B4*$C$3 -> 70 | D4: =B4*$D$3 -> 180 | E4: =$E$3*B6 -> 135 | F4: =B4*$F$3 -> 60 | G4: =63.25+$G$3 -> 120.25 | H4: =61.65+$H$3 -> 120.63 | I4: =53.25+$I$3 -> 102.75 | J4: =47+$J$3 -> 90.25 | K4: =50.75+$K$3 -> 96.5 | L4: =45.75+$L$3 -> 100.19 | M4: =54.44+$M$3 -> 104.94 | N4: =C4 + $N$3*C4 -> 77 | O4: =E4 + $O$3*E4 -> 148.5 | P4: =F4 + $P$3*F4 -> 66 | Q4: =D4 + $Q$3*D4 -> 243 | R4: =MAX(G4:Q4) -> 243 | S4: =MIN(G4:Q4) -> 66 | T4: =R4 - S4 -> 177 | U4: =INDEX($C$1:$M$1, MATCH(MIN(C6:M6), C6:M6, 0)) -> DTDC PER KG | V4: =INDEX($G$1:$Q$1, MATCH(MAX(G4:Q4), G4:Q4,0)) -> ANJANI COURIER SERVICE
A5: 2 | B5: =B4 + 1 -> 2 | C5: =B5*$C$3 -> 140 | D5: =B5*$D$3 -> 360 | E5: =$E$3*B6 -> 135 | F5: =B5*$F$3 -> 120 | G5: =SUM(G4,$G$3*2) -> 234.25 | H5: =SUM(H4, $H$3*2) -> 238.59 | I5: =SUM(I4, $I$3*2) -> 201.75 | J5: =SUM(J4, $J$3*2) -> 176.75 | K5: =SUM(K4, $K$3*2) -> 188 | L5: =SUM(L4, $L$3*2) -> 209.07 | M5: =SUM(M4, $M$3*2) -> 205.94 | N5: =C5 + $N$3*C5 -> 154 | O5: =E5 + $O$3*E5 -> 148.5 | P5: =F5 + $P$3*F5 -> 132 | Q5: =D5 + $Q$3*D5 -> 486 | R5: =MAX(N5, Q5, G5:L5) -> 486 | S5: =MIN(N5, Q5, G5:Q5) -> 132 | T5: =R5 - S5 -> 354
A6: 3 | B6: =B5 + 1 -> 3 | C6: =B6*$C$3 -> 210 | D6: =B6*$D$3 -> 540 | E6: =$E$3*B6 -> 135 | F6: =B6*$F$3 -> 180 | G6: =SUM(G5,$G$3*2) -> 348.25 | H6: =SUM(H5, $H$3*2) -> 356.55 | I6: =SUM(I5, $I$3*2) -> 300.75 | J6: =SUM(J5, $J$3*2) -> 263.25 | K6: =SUM(K5, $K$3*2) -> 279.5 | L6: =SUM(L5, $L$3*2) -> 317.95 | M6: =SUM(M5, $M$3*2) -> 306.94 | N6: =C6 + $N$3*C6 -> 231 | O6: =E6 + $O$3*E6 -> 148.5 | P6: =F6 + $P$3*F6 -> 198 | Q6: =D6 + $Q$3*D6 -> 729 | R6: =MAX(N6, Q6, G6:L6) -> 729 | S6: =MIN(N6, Q6, G6:Q6) -> 148.5 | T6: =R6 - S6 -> 580.5
A7: 4 | B7: =B6 + 1 -> 4 | C7: =B7*$C$3 -> 280 | D7: =B7*$D$3 -> 720 | E7: =$E$3*B7 -> 180 | F7: =B7*$F$3 -> 240 | G7: =SUM(G6,$G$3*2) -> 462.25 | H7: =SUM(H6, $H$3*2) -> 474.51 | I7: =SUM(I6, $I$3*2) -> 399.75 | J7: =SUM(J6, $J$3*2) -> 349.75 | K7: =SUM(K6, $K$3*2) -> 371 | L7: =SUM(L6, $L$3*2) -> 426.83 | M7: =SUM(M6, $M$3*2) -> 407.94 | N7: =C7 + $N$3*C7 -> 308 | O7: =E7 + $O$3*E7 -> 198 | P7: =F7 + $P$3*F7 -> 264 | Q7: =D7 + $Q$3*D7 -> 972 | R7: =MAX(N7, Q7, G7:L7) -> 972 | S7: =MIN(N7, Q7, G7:Q7) -> 198 | T7: =R7 - S7 -> 774
A8: 5 | B8: =B7 + 1 -> 5 | C8: =B8*$C$3 -> 350 | D8: =B8*$D$3 -> 900 | E8: =$E$3*B8 -> 225 | F8: =B8*$F$3 -> 300 | G8: =SUM(G7,$G$3*2) -> 576.25 | H8: =SUM(H7, $H$3*2) -> 592.47 | I8: =SUM(I7, $I$3*2) -> 498.75 | J8: =SUM(J7, $J$3*2) -> 436.25 | K8: =SUM(K7, $K$3*2) -> 462.5 | L8: =SUM(L7, $L$3*2) -> 535.71 | M8: =SUM(M7, $M$3*2) -> 508.94 | N8: =C8 + $N$3*C8 -> 385 | O8: =E8 + $O$3*E8 -> 247.5 | P8: =F8 + $P$3*F8 -> 330 | Q8: =D8 + $Q$3*D8 -> 1215 | R8: =MAX(N8, Q8, G8:L8) -> 1215 | S8: =MIN(N8, Q8, G8:Q8) -> 247.5 | T8: =R8 - S8 -> 967.5
A9: 6 | B9: =B8 + 1 -> 6 | C9: =B9*$C$3 -> 420 | D9: =B9*$D$3 -> 1080 | E9: =$E$3*B9 -> 270 | F9: =B9*$F$3 -> 360 | G9: =SUM(G8,$G$3*2) -> 690.25 | H9: =SUM(H8, $H$3*2) -> 710.43 | I9: =SUM(I8, $I$3*2) -> 597.75 | J9: =SUM(J8, $J$3*2) -> 522.75 | K9: =SUM(K8, $K$3*2) -> 554 | L9: =SUM(L8, $L$3*2) -> 644.59 | M9: =SUM(M8, $M$3*2) -> 609.94 | N9: =C9 + $N$3*C9 -> 462 | O9: =E9 + $O$3*E9 -> 297 | P9: =F9 + $P$3*F9 -> 396 | Q9: =D9 + $Q$3*D9 -> 1458 | R9: =MAX(N9, Q9, G9:L9) -> 1458 | S9: =MIN(N9, Q9, G9:Q9) -> 297 | T9: =R9 - S9 -> 1161
A10: 7 | B10: =B9 + 1 -> 7 | C10: =B10*$C$3 -> 490 | D10: =B10*$D$3 -> 1260 | E10: =$E$3*B10 -> 315 | F10: =B10*$F$3 -> 420 | G10: =SUM(G9,$G$3*2) -> 804.25 | H10: =SUM(H9, $H$3*2) -> 828.39 | I10: =SUM(I9, $I$3*2) -> 696.75 | J10: =SUM(J9, $J$3*2) -> 609.25 | K10: =SUM(K9, $K$3*2) -> 645.5 | L10: =SUM(L9, $L$3*2) -> 753.47 | M10: =SUM(M9, $M$3*2) -> 710.94 | N10: =C10 + $N$3*C10 -> 539 | O10: =E10 + $O$3*E10 -> 346.5 | P10: =F10 + $P$3*F10 -> 462 | Q10: =D10 + $Q$3*D10 -> 1701 | R10: =MAX(N10, Q10, G10:L10) -> 1701 | S10: =MIN(N10, Q10, G10:Q10) -> 346.5 | T10: =R10 - S10 -> 1354.5
A11: 8 | B11: =B10 + 1 -> 8 | C11: =B11*$C$3 -> 560 | D11: =B11*$D$3 -> 1440 | E11: =$E$3*B11 -> 360 | F11: =B11*$F$3 -> 480 | G11: =SUM(G10,$G$3*2) -> 918.25 | H11: =SUM(H10, $H$3*2) -> 946.35 | I11: =SUM(I10, $I$3*2) -> 795.75 | J11: =SUM(J10, $J$3*2) -> 695.75 | K11: =SUM(K10, $K$3*2) -> 737 | L11: =SUM(L10, $L$3*2) -> 862.35 | M11: =SUM(M10, $M$3*2) -> 811.94 | N11: =C11 + $N$3*C11 -> 616 | O11: =E11 + $O$3*E11 -> 396 | P11: =F11 + $P$3*F11 -> 528 | Q11: =D11 + $Q$3*D11 -> 1944 | R11: =MAX(N11, Q11, G11:L11) -> 1944 | S11: =MIN(N11, Q11, G11:Q11) -> 396 | T11: =R11 - S11 -> 1548
A12: 9 | B12: =B11 + 1 -> 9 | C12: =B12*$C$3 -> 630 | D12: =B12*$D$3 -> 1620 | E12: =$E$3*B12 -> 405 | F12: =B12*$F$3 -> 540 | G12: =SUM(G11,$G$3*2) -> 1032.25 | H12: =SUM(H11, $H$3*2) -> 1064.31 | I12: =SUM(I11, $I$3*2) -> 894.75 | J12: =SUM(J11, $J$3*2) -> 782.25 | K12: =SUM(K11, $K$3*2) -> 828.5 | L12: =SUM(L11, $L$3*2) -> 971.23 | M12: =SUM(M11, $M$3*2) -> 912.94 | N12: =C12 + $N$3*C12 -> 693 | O12: =E12 + $O$3*E12 -> 445.5 | P12: =F12 + $P$3*F12 -> 594 | Q12: =D12 + $Q$3*D12 -> 2187 | R12: =MAX(N12, Q12, G12:L12) -> 2187 | S12: =MIN(N12, Q12, G12:Q12) -> 445.5 | T12: =R12 - S12 -> 1741.5
A13: 10 | B13: =B12 + 1 -> 10 | C13: =B13*$C$3 -> 700 | D13: =B13*$D$3 -> 1800 | E13: =$E$3*B13 -> 450 | F13: =B13*$F$3 -> 600 | G13: =SUM(G12,$G$3*2) -> 1146.25 | H13: =SUM(H12, $H$3*2) -> 1182.27 | I13: =SUM(I12, $I$3*2) -> 993.75 | J13: =SUM(J12, $J$3*2) -> 868.75 | K13: =SUM(K12, $K$3*2) -> 920 | L13: =SUM(L12, $L$3*2) -> 1080.11 | M13: =SUM(M12, $M$3*2) -> 1013.94 | N13: =C13 + $N$3*C13 -> 770 | O13: =E13 + $O$3*E13 -> 495 | P13: =F13 + $P$3*F13 -> 660 | Q13: =D13 + $Q$3*D13 -> 2430 | R13: =MAX(N13, Q13, G13:L13) -> 2430 | S13: =MIN(N13, Q13, G13:Q13) -> 495 | T13: =R13 - S13 -> 1935
A14: 11 | B14: =B13 + 1 -> 11 | C14: =B14*$C$3 -> 770 | D14: =B14*$D$3 -> 1980 | E14: =$E$3*B14 -> 495 | F14: =B14*$F$3 -> 660 | G14: =SUM(G13,$G$3*2) -> 1260.25 | H14: =SUM(H13, $H$3*2) -> 1300.23 | I14: =SUM(I13, $I$3*2) -> 1092.75 | J14: =SUM(J13, $J$3*2) -> 955.25 | K14: =SUM(K13, $K$3*2) -> 1011.5 | L14: =SUM(L13, $L$3*2) -> 1188.99 | M14: =SUM(M13, $M$3*2) -> 1114.94 | N14: =C14 + $N$3*C14 -> 847 | O14: =E14 + $O$3*E14 -> 544.5 | P14: =F14 + $P$3*F14 -> 726 | Q14: =D14 + $Q$3*D14 -> 2673 | R14: =MAX(N14, Q14, G14:L14) -> 2673 | S14: =MIN(N14, Q14, G14:Q14) -> 544.5 | T14: =R14 - S14 -> 2128.5
A15: 12 | B15: =B14 + 1 -> 12 | C15: =B15*$C$3 -> 840 | D15: =B15*$D$3 -> 2160 | E15: =$E$3*B15 -> 540 | F15: =B15*$F$3 -> 720 | G15: =SUM(G14,$G$3*2) -> 1374.25 | H15: =SUM(H14, $H$3*2) -> 1418.19 | I15: =SUM(I14, $I$3*2) -> 1191.75 | J15: =SUM(J14, $J$3*2) -> 1041.75 | K15: =SUM(K14, $K$3*2) -> 1103 | L15: =SUM(L14, $L$3*2) -> 1297.87 | M15: =SUM(M14, $M$3*2) -> 1215.94 | N15: =C15 + $N$3*C15 -> 924 | O15: =E15 + $O$3*E15 -> 594 | P15: =F15 + $P$3*F15 -> 792 | Q15: =D15 + $Q$3*D15 -> 2916 | R15: =MAX(N15, Q15, G15:L15) -> 2916 | S15: =MIN(N15, Q15, G15:Q15) -> 594 | T15: =R15 - S15 -> 2322
A16: 13 | B16: =B15 + 1 -> 13 | C16: =B16*$C$3 -> 910 | D16: =B16*$D$3 -> 2340 | E16: =$E$3*B16 -> 585 | F16: =B16*$F$3 -> 780 | G16: =SUM(G15,$G$3*2) -> 1488.25 | H16: =SUM(H15, $H$3*2) -> 1536.15 | I16: =SUM(I15, $I$3*2) -> 1290.75 | J16: =SUM(J15, $J$3*2) -> 1128.25 | K16: =SUM(K15, $K$3*2) -> 1194.5 | L16: =SUM(L15, $L$3*2) -> 1406.75 | M16: =SUM(M15, $M$3*2) -> 1316.94 | N16: =C16 + $N$3*C16 -> 1001 | O16: =E16 + $O$3*E16 -> 643.5 | P16: =F16 + $P$3*F16 -> 858 | Q16: =D16 + $Q$3*D16 -> 3159 | R16: =MAX(N16, Q16, G16:L16) -> 3159 | S16: =MIN(N16, Q16, G16:Q16) -> 643.5 | T16: =R16 - S16 -> 2515.5
A17: 14 | B17: =B16 + 1 -> 14 | C17: =B17*$C$3 -> 980 | D17: =B17*$D$3 -> 2520 | E17: =$E$3*B17 -> 630 | F17: =B17*$F$3 -> 840 | G17: =SUM(G16,$G$3*2) -> 1602.25 | H17: =SUM(H16, $H$3*2) -> 1654.11 | I17: =SUM(I16, $I$3*2) -> 1389.75 | J17: =SUM(J16, $J$3*2) -> 1214.75 | K17: =SUM(K16, $K$3*2) -> 1286 | L17: =SUM(L16, $L$3*2) -> 1515.63 | M17: =SUM(M16, $M$3*2) -> 1417.94 | N17: =C17 + $N$3*C17 -> 1078 | O17: =E17 + $O$3*E17 -> 693 | P17: =F17 + $P$3*F17 -> 924 | Q17: =D17 + $Q$3*D17 -> 3402 | R17: =MAX(N17, Q17, G17:L17) -> 3402 | S17: =MIN(N17, Q17, G17:Q17) -> 693 | T17: =R17 - S17 -> 2709
... A53: 50 | B53: =B52 + 1 -> 50 | C53: =B53*$C$3 -> 3500 | D53: =B53*$D$3 -> 9000 | E53: =$E$3*B53 -> 2250 | F53: =B53*$F$3 -> 3000 | G53: =SUM(G52,$G$3*2) -> 5706.25 | H53: =SUM(H52, $H$3*2) -> 5900.67 | I53: =SUM(I52, $I$3*2) -> 4953.75 | J53: =SUM(J52, $J$3*2) -> 4328.75 | K53: =SUM(K52, $K$3*2) -> 4580 | L53: =SUM(L52, $L$3*2) -> 5435.31 | M53: =SUM(M52, $M$3*2) -> 5053.94 | N53: =C53 + $N$3*C53 -> 3850 | O53: =E53 + $O$3*E53 -> 2475 | P53: =F53 + $P$3*F53 -> 3300 | Q53: =D53 + $Q$3*D53 -> 12150 | R53: =MAX(N53, Q53, G53:L53) -> 12150 | S53: =MIN(N53, Q53, G53:Q53) -> 2475 | T53: =R53 - S53 -> 9675

Sheet RESTOFINDIA
A1: SR.NO. | B1: KGS | C1: PROFESSIONAL PER KG | D1: ANJANI COURIERS PER KG | E1: DTDC PER KG | F1: SHREE MARUTI COURIER SERVICE PER KG | G1: ITHINK LOGISTICS DELHIVERY | H1: ITHINK LOGISTICS BLUEDART | I1: ITHINK LOGISTICS EKART | J1: ITHINK LOGISTICS SHADOWFAX | K1: ITHINK LOGISTICS AMAZON | L1: ITHINK LOGISTICS DTDC | M1: ITHINK LOGISTICS XPRESSBEES | N1: PROFESSIONAL COURIER SERVICE | O1: ANJANI COURIER SERVICE | P1: DTDC | Q1: SHREE MARUTI COURIER SERVICE | R1: HIGHEST COST | S1: LOWEST COST | T1: DIFFERENCE | U1: CHEAPEST COURIER | V1: EXPENSIVE COURIER
G2: FWD ADDN 0.5KG | H2: FWD ADDN 0.5KG | I2: FWD ADDN 0.5KG | J2: FWD ADDN 0.5KG | K2: FWD ADDN 0.5KG | L2: FWD ADDN 0.5KG | M2: FWD ADDN 0.5KG | N2: FUEL SURCHARGE | O2: FUEL SURCHARGE | P2: FUEL SURCHARGE | Q2: FUEL SURCHARGE
C3: 70 | D3: 180 | E3: 30 | F3: 50 | G3: 41.63 | H3: 42.29 | I3: 39.5 | J3: 35.75 | K3: 38.25 | L3: 41.31 | M3: 57.25 | N3: 0.1 | O3: 0.35 | P3: 0.1 | Q3: 0.1
A4: {=_xlfn.SEQUENCE(50)} -> 1 | B4: 1 | C4: =B4*$C$3 -> 70 | D4: =B4*$D$3 -> 180 | E4: =$E$3*B6 -> 90 | F4: =B4*$F$3 -> 50 | G4: =48.88+$G$3 -> 90.51 | H4: =50.41+$H$3 -> 92.7 | I4: =43.25+$I$3 -> 82.75 | J4: =39.5+$J$3 -> 75.25 | K4: =43.25+$K$3 -> 81.5 | L4: =45.25+$L$3 -> 86.56 | M4: =60.25+$M$3 -> 117.5 | N4: =C4 + $N$3*C4 -> 77 | O4: =D4 + $O$3*D4 -> 243 | P4: =E4 + $P$3*E4 -> 99 | Q4: =F4 + $Q$3*F4 -> 55 | R4: =MAX(N4:Q4) -> 243 | S4: =MIN(N4:Q4) -> 55 | T4: =R4 - S4 -> 188 | U4: =INDEX($C$1:$M$1, MATCH(MIN(C6:M6), C6:M6, 0)) -> DTDC PER KG | V4: =INDEX($N$1:$Q$1, MATCH(MAX(N4:Q4), N4:Q4,0)) -> ANJANI COURIER SERVICE
A5: 2 | B5: =B4 + 1 -> 2 | C5: =B5*$C$3 -> 140 | D5: =B5*$D$3 -> 360 | E5: =$E$3*B6 -> 90 | F5: =B5*$F$3 -> 100 | G5: =SUM(G4, $G$3*2) -> 173.77 | H5: =SUM(H4, $H$3*2) -> 177.28 | I5: =SUM(I4, $I$3*2) -> 161.75 | J5: =SUM(J4, $J$3*2) -> 146.75 | K5: =SUM(K4, $K$3*2) -> 158 | L5: =SUM(L4, $L$3*2) -> 169.18 | M5: =SUM(M4, $M$3*2) -> 232 | N5: =C5 + $N$3*C5 -> 154 | O5: =D5 + $O$3*D5 -> 486 | P5: =E5 + $P$3*E5 -> 99 | Q5: =F5 + $Q$3*F5 -> 110 | R5: =MAX(N5, O5, G5:Q5) -> 486 | S5: =MIN(N5, O5, G5:Q5) -> 99 | T5: =R5 - S5 -> 387
A6: 3 | B6: =B5 + 1 -> 3 | C6: =B6*$C$3 -> 210 | D6: =B6*$D$3 -> 540 | E6: =$E$3*B6 -> 90 | F6: =B6*$F$3 -> 150 | G6: =SUM(G5, $G$3*2) -> 257.03 | H6: =SUM(H5, $H$3*2) -> 261.86 | I6: =SUM(I5, $I$3*2) -> 240.75 | J6: =SUM(J5, $J$3*2) -> 218.25 | K6: =SUM(K5, $K$3*2) -> 234.5 | L6: =SUM(L5, $L$3*2) -> 251.8 | M6: =SUM(M5, $M$3*2) -> 346.5 | N6: =C6 + $N$3*C6 -> 231 | O6: =D6 + $O$3*D6 -> 729 | P6: =E6 + $P$3*E6 -> 99 | Q6: =F6 + $Q$3*F6 -> 165 | R6: =MAX(N6, O6, G6:Q6) -> 729 | S6: =MIN(N6, O6, G6:Q6) -> 99 | T6: =R6 - S6 -> 630
A7: 4 | B7: =B6 + 1 -> 4 | C7: =B7*$C$3 -> 280 | D7: =B7*$D$3 -> 720 | E7: =$E$3*B7 -> 120 | F7: =B7*$F$3 -> 200 | G7: =SUM(G6, $G$3*2) -> 340.29 | H7: =SUM(H6, $H$3*2) -> 346.44 | I7: =SUM(I6, $I$3*2) -> 319.75 | J7: =SUM(J6, $J$3*2) -> 289.75 | K7: =SUM(K6, $K$3*2) -> 311 | L7: =SUM(L6, $L$3*2) -> 334.42 | M7: =SUM(M6, $M$3*2) -> 461 | N7: =C7 + $N$3*C7 -> 308 | O7: =D7 + $O$3*D7 -> 972 | P7: =E7 + $P$3*E7 -> 132 | Q7: =F7 + $Q$3*F7 -> 220 | R7: =MAX(N7, O7, G7:Q7) -> 972 | S7: =MIN(N7, O7, G7:Q7) -> 132 | T7: =R7 - S7 -> 840
A8: 5 | B8: =B7 + 1 -> 5 | C8: =B8*$C$3 -> 350 | D8: =B8*$D$3 -> 900 | E8: =$E$3*B8 -> 150 | F8: =B8*$F$3 -> 250 | G8: =SUM(G7, $G$3*2) -> 423.55 | H8: =SUM(H7, $H$3*2) -> 431.02 | I8: =SUM(I7, $I$3*2) -> 398.75 | J8: =SUM(J7, $J$3*2) -> 361.25 | K8: =SUM(K7, $K$3*2) -> 387.5 | L8: =SUM(L7, $L$3*2) -> 417.04 | M8: =SUM(M7, $M$3*2) -> 575.5 | N8: =C8 + $N$3*C8 -> 385 | O8: =D8 + $O$3*D8 -> 1215 | P8: =E8 + $P$3*E8 -> 165 | Q8: =F8 + $Q$3*F8 -> 275 | R8: =MAX(N8, O8, G8:Q8) -> 1215 | S8: =MIN(N8, O8, G8:Q8) -> 165 | T8: =R8 - S8 -> 1050
A9: 6 | B9: =B8 + 1 -> 6 | C9: =B9*$C$3 -> 420 | D9: =B9*$D$3 -> 1080 | E9: =$E$3*B9 -> 180 | F9: =B9*$F$3 -> 300 | G9: =SUM(G8, $G$3*2) -> 506.81 | H9: =SUM(H8, $H$3*2) -> 515.6 | I9: =SUM(I8, $I$3*2) -> 477.75 | J9: =SUM(J8, $J$3*2) -> 432.75 | K9: =SUM(K8, $K$3*2) -> 464 | L9: =SUM(L8, $L$3*2) -> 499.66 | M9: =SUM(M8, $M$3*2) -> 690 | N9: =C9 + $N$3*C9 -> 462 | O9: =D9 + $O$3*D9 -> 1458 | P9: =E9 + $P$3*E9 -> 198 | Q9: =F9 + $Q$3*F9 -> 330 | R9: =MAX(N9, O9, G9:Q9) -> 1458 | S9: =MIN(N9, O9, G9:Q9) -> 198 | T9: =R9 - S9 -> 1260
A10: 7 | B10: =B9 + 1 -> 7 | C10: =B10*$C$3 -> 490 | D10: =B10*$D$3 -> 1260 | E10: =$E$3*B10 -> 210 | F10: =B10*$F$3 -> 350 | G10: =SUM(G9, $G$3*2) -> 590.07 | H10: =SUM(H9, $H$3*2) -> 600.18 | I10: =SUM(I9, $I$3*2) -> 556.75 | J10: =SUM(J9, $J$3*2) -> 504.25 | K10: =SUM(K9, $K$3*2) -> 540.5 | L10: =SUM(L9, $L$3*2) -> 582.28 | M10: =SUM(M9, $M$3*2) -> 804.5 | N10: =C10 + $N$3*C10 -> 539 | O10: =D10 + $O$3*D10 -> 1701 | P10: =E10 + $P$3*E10 -> 231 | Q10: =F10 + $Q$3*F10 -> 385 | R10: =MAX(N10, O10, G10:Q10) -> 1701 | S10: =MIN(N10, O10, G10:Q10) -> 231 | T10: =R10 - S10 -> 1470
A11: 8 | B11: =B10 + 1 -> 8 | C11: =B11*$C$3 -> 560 | D11: =B11*$D$3 -> 1440 | E11: =$E$3*B11 -> 240 | F11: =B11*$F$3 -> 400 | G11: =SUM(G10, $G$3*2) -> 673.33 | H11: =SUM(H10, $H$3*2) -> 684.76 | I11: =SUM(I10, $I$3*2) -> 635.75 | J11: =SUM(J10, $J$3*2) -> 575.75 | K11: =SUM(K10, $K$3*2) -> 617 | L11: =SUM(L10, $L$3*2) -> 664.9 | M11: =SUM(M10, $M$3*2) -> 919 | N11: =C11 + $N$3*C11 -> 616 | O11: =D11 + $O$3*D11 -> 1944 | P11: =E11 + $P$3*E11 -> 264 | Q11: =F11 + $Q$3*F11 -> 440 | R11: =MAX(N11, O11, G11:Q11) -> 1944 | S11: =MIN(N11, O11, G11:Q11) -> 264 | T11: =R11 - S11 -> 1680
A12: 9 | B12: =B11 + 1 -> 9 | C12: =B12*$C$3 -> 630 | D12: =B12*$D$3 -> 1620 | E12: =$E$3*B12 -> 270 | F12: =B12*$F$3 -> 450 | G12: =SUM(G11, $G$3*2) -> 756.59 | H12: =SUM(H11, $H$3*2) -> 769.34 | I12: =SUM(I11, $I$3*2) -> 714.75 | J12: =SUM(J11, $J$3*2) -> 647.25 | K12: =SUM(K11, $K$3*2) -> 693.5 | L12: =SUM(L11, $L$3*2) -> 747.52 | M12: =SUM(M11, $M$3*2) -> 1033.5 | N12: =C12 + $N$3*C12 -> 693 | O12: =D12 + $O$3*D12 -> 2187 | P12: =E12 + $P$3*E12 -> 297 | Q12: =F12 + $Q$3*F12 -> 495 | R12: =MAX(N12, O12, G12:Q12) -> 2187 | S12: =MIN(N12, O12, G12:Q12) -> 297 | T12: =R12 - S12 -> 1890
A13: 10 | B13: =B12 + 1 -> 10 | C13: =B13*$C$3 -> 700 | D13: =B13*$D$3 -> 1800 | E13: =$E$3*B13 -> 300 | F13: =B13*$F$3 -> 500 | G13: =SUM(G12, $G$3*2) -> 839.85 | H13: =SUM(H12, $H$3*2) -> 853.92 | I13: =SUM(I12, $I$3*2) -> 793.75 | J13: =SUM(J12, $J$3*2) -> 718.75 | K13: =SUM(K12, $K$3*2) -> 770 | L13: =SUM(L12, $L$3*2) -> 830.14 | M13: =SUM(M12, $M$3*2) -> 1148 | N13: =C13 + $N$3*C13 -> 770 | O13: =D13 + $O$3*D13 -> 2430 | P13: =E13 + $P$3*E13 -> 330 | Q13: =F13 + $Q$3*F13 -> 550 | R13: =MAX(N13, O13, G13:Q13) -> 2430 | S13: =MIN(N13, O13, G13:Q13) -> 330 | T13: =R13 - S13 -> 2100
A14: 11 | B14: =B13 + 1 -> 11 | C14: =B14*$C$3 -> 770 | D14: =B14*$D$3 -> 1980 | E14: =$E$3*B14 -> 330 | F14: =B14*$F$3 -> 550 | G14: =SUM(G13, $G$3*2) -> 923.11 | H14: =SUM(H13, $H$3*2) -> 938.5 | I14: =SUM(I13, $I$3*2) -> 872.75 | J14: =SUM(J13, $J$3*2) -> 790.25 | K14: =SUM(K13, $K$3*2) -> 846.5 | L14: =SUM(L13, $L$3*2) -> 912.76 | M14: =SUM(M13, $M$3*2) -> 1262.5 | N14: =C14 + $N$3*C14 -> 847 | O14: =D14 + $O$3*D14 -> 2673 | P14: =E14 + $P$3*E14 -> 363 | Q14: =F14 + $Q$3*F14 -> 605 | R14: =MAX(N14, O14, G14:Q14) -> 2673 | S14: =MIN(N14, O14, G14:Q14) -> 363 | T14: =R14 - S14 -> 2310
A15: 12 | B15: =B14 + 1 -> 12 | C15: =B15*$C$3 -> 840 | D15: =B15*$D$3 -> 2160 | E15: =$E$3*B15 -> 360 | F15: =B15*$F$3 -> 600 | G15: =SUM(G14, $G$3*2) -> 1006.37 | H15: =SUM(H14, $H$3*2) -> 1023.08 | I15: =SUM(I14, $I$3*2) -> 951.75 | J15: =SUM(J14, $J$3*2) -> 861.75 | K15: =SUM(K14, $K$3*2) -> 923 | L15: =SUM(L14, $L$3*2) -> 995.38 | M15: =SUM(M14, $M$3*2) -> 1377 | N15: =C15 + $N$3*C15 -> 924 | O15: =D15 + $O$3*D15 -> 2916 | P15: =E15 + $P$3*E15 -> 396 | Q15: =F15 + $Q$3*F15 -> 660 | R15: =MAX(N15, O15, G15:Q15) -> 2916 | S15: =MIN(N15, O15, G15:Q15) -> 396 | T15: =R15 - S15 -> 2520
A16: 13 | B16: =B15 + 1 -> 13 | C16: =B16*$C$3 -> 910 | D16: =B16*$D$3 -> 2340 | E16: =$E$3*B16 -> 390 | F16: =B16*$F$3 -> 650 | G16: =SUM(G15, $G$3*2) -> 1089.63 | H16: =SUM(H15, $H$3*2) -> 1107.66 | I16: =SUM(I15, $I$3*2) -> 1030.75 | J16: =SUM(J15, $J$3*2) -> 933.25 | K16: =SUM(K15, $K$3*2) -> 999.5 | L16: =SUM(L15, $L$3*2) -> 1078 | M16: =SUM(M15, $M$3*2) -> 1491.5 | N16: =C16 + $N$3*C16 -> 1001 | O16: =D16 + $O$3*D16 -> 3159 | P16: =E16 + $P$3*E16 -> 429 | Q16: =F16 + $Q$3*F16 -> 715 | R16: =MAX(N16, O16, G16:Q16) -> 3159 | S16: =MIN(N16, O16, G16:Q16) -> 429 | T16: =R16 - S16 -> 2730
A17: 14 | B17: =B16 + 1 -> 14 | C17: =B17*$C$3 -> 980 | D17: =B17*$D$3 -> 2520 | E17: =$E$3*B17 -> 420 | F17: =B17*$F$3 -> 700 | G17: =SUM(G16, $G$3*2) -> 1172.89 | H17: =SUM(H16, $H$3*2) -> 1192.24 | I17: =SUM(I16, $I$3*2) -> 1109.75 | J17: =SUM(J16, $J$3*2) -> 1004.75 | K17: =SUM(K16, $K$3*2) -> 1076 | L17: =SUM(L16, $L$3*2) -> 1160.62 | M17: =SUM(M16, $M$3*2) -> 1606 | N17: =C17 + $N$3*C17 -> 1078 | O17: =D17 + $O$3*D17 -> 3402 | P17: =E17 + $P$3*E17 -> 462 | Q17: =F17 + $Q$3*F17 -> 770 | R17: =MAX(N17, O17, G17:Q17) -> 3402 | S17: =MIN(N17, O17, G17:Q17) -> 462 | T17: =R17 - S17 -> 2940
... A53: 50 | B53: =B52 + 1 -> 50 | C53: =B53*$C$3 -> 3500 | D53: =B53*$D$3 -> 9000 | E53: =$E$3*B53 -> 1500 | F53: =B53*$F$3 -> 2500 | G53: =SUM(G52, $G$3*2) -> 4170.25 | H53: =SUM(H52, $H$3*2) -> 4237.12 | I53: =SUM(I52, $I$3*2) -> 3953.75 | J53: =SUM(J52, $J$3*2) -> 3578.75 | K53: =SUM(K52, $K$3*2) -> 3830 | L53: =SUM(L52, $L$3*2) -> 4134.94 | M53: =SUM(M52, $M$3*2) -> 5728 | N53: =C53 + $N$3*C53 -> 3850 | O53: =D53 + $O$3*D53 -> 12150 | P53: =E53 + $P$3*E53 -> 1650 | Q53: =F53 + $Q$3*F53 -> 2750 | R53: =MAX(N53, O53, G53:Q53) -> 12150 | S53: =MIN(N53, O53, G53:Q53) -> 1650 | T53: =R53 - S53 -> 10500

Sheet METRO TO METRO
A1: SR.NO. | B1: KGS | C1: PROFESSIONAL PER KG | D1: ANJANI COURIERS PER KG | E1: DTDC PER KG | F1: SHREE MARUTI COURIER SERVICE PER KG | G1: ITHINK LOGISTICS DELHIVERY | H1: ITHINK LOGISTICS BLUEDART | I1: ITHINK LOGISTICS EKART | J1: ITHINK LOGISTICS SHADOWFAX | K1: ITHINK LOGISTICS AMAZON | L1: ITHINK LOGISTICS DTDC | M1: ITHINK LOGISTICS XPRESSBEES | N1: PROFESSIONAL COURIER SERVICE | O1: ANJANI COURIER SERVICE | P1: DTDC | Q1: SHREE MARUTI COURIER SERVICE | R1: HIGHEST COST | S1: LOWEST COST | T1: DIFFERENCE | U1: CHEAPEST COURIER | V1: EXPENSIVE COURIER
G2: FWD ADDN 0.5KG | H2: FWD ADDN 0.5KG | I2: FWD ADDN 0.5KG | J2: FWD ADDN 0.5KG | K2: FWD ADDN 0.5KG | L2: FWD ADDN 0.5KG | M2: FWD ADDN 0.5KG | N2: FUEL SURCHARGE | O2: FUEL SURCHARGE | P2: FUEL SURCHARGE | Q2: FUEL SURCHARGE
C3: 70 | D3: 180 | E3: 28 | F3: 55 | G3: 41.88 | H3: 37.5 | I3: 35 | J3: 33.75 | K3: 33.75 | L3: 32.75 | M3: 53.75 | N3: 0.1 | O3: 0.35 | P3: 0.1 | Q3: 0.1
A4: {=_xlfn.SEQUENCE(50)} -> 1 | B4: 1 | C4: =B4*$C$3 -> 70 | D4: =B4*$D$3 -> 180 | E4: =$B$6*$E$3 -> 84 | F4: =B4*$F$3 -> 55 | G4: =36.88+$G$3 -> 78.76 | H4: =41.38+$H$3 -> 78.88 | I4: =38.75+$I$3 -> 73.75 | J4: =37.5+$J$3 -> 71.25 | K4: =38.75+$K$3 -> 72.5 | L4: =36.69+$L$3 -> 69.44 | M4: =53.75+$M$3 -> 107.5 | N4: =C4 + $N$3*C4 -> 77 | O4: =D4 + $O$3*D4 -> 243 | P4: =E4 + $P$3*E4 -> 92.4 | Q4: =F4 + $Q$3*F4 -> 60.5 | R4: =MAX(N4:Q4) -> 243 | S4: =MIN(N4:Q4) -> 60.5 | T4: =R4 - S4 -> 182.5 | U4: =INDEX($C$1:$M$1, MATCH(MIN(C6:M6), C6:M6, 0)) -> DTDC PER KG | V4: =INDEX($N$1:$Q$1, MATCH(MAX(N4:Q4), N4:Q4,0)) -> ANJANI COURIER SERVICE
A5: 2 | B5: =B4 + 1 -> 2 | C5: =B5*$C$3 -> 140 | D5: =B5*$D$3 -> 360 | E5: =$B$6*$E$3 -> 84 | F5: =B5*$F$3 -> 110 | G5: =SUM(G4, $G$3*2) -> 162.52 | H5: =SUM(H4, $H$3*2) -> 153.88 | I5: =SUM(I4, $I$3*2) -> 143.75 | J5: =SUM(J4, $J$3*2) -> 138.75 | K5: =SUM(K4, $K$3*2) -> 140 | L5: =SUM(L4, $L$3*2) -> 134.94 | M5: =SUM(M4, $M$3*2) -> 215 | N5: =C5 + $N$3*C5 -> 154 | O5: =D5 + $O$3*D5 -> 486 | P5: =E5 + $P$3*E5 -> 92.4 | Q5: =F5 + $Q$3*F5 -> 121 | R5: =MAX(N5, O5, G5:Q5) -> 486 | S5: =MIN(N5, O5, G5:Q5) -> 92.4 | T5: =R5 - S5 -> 393.6
A6: 3 | B6: =B5 + 1 -> 3 | C6: =B6*$C$3 -> 210 | D6: =B6*$D$3 -> 540 | E6: =B6*$E$3 -> 84 | F6: =B6*$F$3 -> 165 | G6: =SUM(G5, $G$3*2) -> 246.28 | H6: =SUM(H5, $H$3*2) -> 228.88 | I6: =SUM(I5, $I$3*2) -> 213.75 | J6: =SUM(J5, $J$3*2) -> 206.25 | K6: =SUM(K5, $K$3*2) -> 207.5 | L6: =SUM(L5, $L$3*2) -> 200.44 | M6: =SUM(M5, $M$3*2) -> 322.5 | N6: =C6 + $N$3*C6 -> 231 | O6: =D6 + $O$3*D6 -> 729 | P6: =E6 + $P$3*E6 -> 92.4 | Q6: =F6 + $Q$3*F6 -> 181.5 | R6: =MAX(N6, O6, G6:Q6) -> 729 | S6: =MIN(N6, O6, G6:Q6) -> 92.4 | T6: =R6 - S6 -> 636.6
A7: 4 | B7: =B6 + 1 -> 4 | C7: =B7*$C$3 -> 280 | D7: =B7*$D$3 -> 720 | E7: =B7*$E$3 -> 112 | F7: =B7*$F$3 -> 220 | G7: =SUM(G6, $G$3*2) -> 330.04 | H7: =SUM(H6, $H$3*2) -> 303.88 | I7: =SUM(I6, $I$3*2) -> 283.75 | J7: =SUM(J6, $J$3*2) -> 273.75 | K7: =SUM(K6, $K$3*2) -> 275 | L7: =SUM(L6, $L$3*2) -> 265.94 | M7: =SUM(M6, $M$3*2) -> 430 | N7: =C7 + $N$3*C7 -> 308 | O7: =D7 + $O$3*D7 -> 972 | P7: =E7 + $P$3*E7 -> 123.2 | Q7: =F7 + $Q$3*F7 -> 242 | R7: =MAX(N7, O7, G7:Q7) -> 972 | S7: =MIN(N7, O7, G7:Q7) -> 123.2 | T7: =R7 - S7 -> 848.8
A8: 5 | B8: =B7 + 1 -> 5 | C8: =B8*$C$3 -> 350 | D8: =B8*$D$3 -> 900 | E8: =B8*$E$3 -> 140 | F8: =B8*$F$3 -> 275 | G8: =SUM(G7, $G$3*2) -> 413.8 | H8: =SUM(H7, $H$3*2) -> 378.88 | I8: =SUM(I7, $I$3*2) -> 353.75 | J8: =SUM(J7, $J$3*2) -> 341.25 | K8: =SUM(K7, $K$3*2) -> 342.5 | L8: =SUM(L7, $L$3*2) -> 331.44 | M8: =SUM(M7, $M$3*2) -> 537.5 | N8: =C8 + $N$3*C8 -> 385 | O8: =D8 + $O$3*D8 -> 1215 | P8: =E8 + $P$3*E8 -> 154 | Q8: =F8 + $Q$3*F8 -> 302.5 | R8: =MAX(N8, O8, G8:Q8) -> 1215 | S8: =MIN(N8, O8, G8:Q8) -> 154 | T8: =R8 - S8 -> 1061
A9: 6 | B9: =B8 + 1 -> 6 | C9: =B9*$C$3 -> 420 | D9: =B9*$D$3 -> 1080 | E9: =B9*$E$3 -> 168 | F9: =B9*$F$3 -> 330 | G9: =SUM(G8, $G$3*2) -> 497.56 | H9: =SUM(H8, $H$3*2) -> 453.88 | I9: =SUM(I8, $I$3*2) -> 423.75 | J9: =SUM(J8, $J$3*2) -> 408.75 | K9: =SUM(K8, $K$3*2) -> 410 | L9: =SUM(L8, $L$3*2) -> 396.94 | M9: =SUM(M8, $M$3*2) -> 645 | N9: =C9 + $N$3*C9 -> 462 | O9: =D9 + $O$3*D9 -> 1458 | P9: =E9 + $P$3*E9 -> 184.8 | Q9: =F9 + $Q$3*F9 -> 363 | R9: =MAX(N9, O9, G9:Q9) -> 1458 | S9: =MIN(N9, O9, G9:Q9) -> 184.8 | T9: =R9 - S9 -> 1273.2
A10: 7 | B10: =B9 + 1 -> 7 | C10: =B10*$C$3 -> 490 | D10: =B10*$D$3 -> 1260 | E10: =B10*$E$3 -> 196 | F10: =B10*$F$3 -> 385 | G10: =SUM(G9, $G$3*2) -> 581.32 | H10: =SUM(H9, $H$3*2) -> 528.88 | I10: =SUM(I9, $I$3*2) -> 493.75 | J10: =SUM(J9, $J$3*2) -> 476.25 | K10: =SUM(K9, $K$3*2) -> 477.5 | L10: =SUM(L9, $L$3*2) -> 462.44 | M10: =SUM(M9, $M$3*2) -> 752.5 | N10: =C10 + $N$3*C10 -> 539 | O10: =D10 + $O$3*D10 -> 1701 | P10: =E10 + $P$3*E10 -> 215.6 | Q10: =F10 + $Q$3*F10 -> 423.5 | R10: =MAX(N10, O10, G10:Q10) -> 1701 | S10: =MIN(N10, O10, G10:Q10) -> 215.6 | T10: =R10 - S10 -> 1485.4
A11: 8 | B11: =B10 + 1 -> 8 | C11: =B11*$C$3 -> 560 | D11: =B11*$D$3 -> 1440 | E11: =B11*$E$3 -> 224 | F11: =B11*$F$3 -> 440 | G11: =SUM(G10, $G$3*2) -> 665.08 | H11: =SUM(H10, $H$3*2) -> 603.88 | I11: =SUM(I10, $I$3*2) -> 563.75 | J11: =SUM(J10, $J$3*2) -> 543.75 | K11: =SUM(K10, $K$3*2) -> 545 | L11: =SUM(L10, $L$3*2) -> 527.94 | M11: =SUM(M10, $M$3*2) -> 860 | N11: =C11 + $N$3*C11 -> 616 | O11: =D11 + $O$3*D11 -> 1944 | P11: =E11 + $P$3*E11 -> 246.4 | Q11: =F11 + $Q$3*F11 -> 484 | R11: =MAX(N11, O11, G11:Q11) -> 1944 | S11: =MIN(N11, O11, G11:Q11) -> 246.4 | T11: =R11 - S11 -> 1697.6
A12: 9 | B12: =B11 + 1 -> 9 | C12: =B12*$C$3 -> 630 | D12: =B12*$D$3 -> 1620 | E12: =B12*$E$3 -> 252 | F12: =B12*$F$3 -> 495 | G12: =SUM(G11, $G$3*2) -> 748.84 | H12: =SUM(H11, $H$3*2) -> 678.88 | I12: =SUM(I11, $I$3*2) -> 633.75 | J12: =SUM(J11, $J$3*2) -> 611.25 | K12: =SUM(K11, $K$3*2) -> 612.5 | L12: =SUM(L11, $L$3*2) -> 593.44 | M12: =SUM(M11, $M$3*2) -> 967.5 | N12: =C12 + $N$3*C12 -> 693 | O12: =D12 + $O$3*D12 -> 2187 | P12: =E12 + $P$3*E12 -> 277.2 | Q12: =F12 + $Q$3*F12 -> 544.5 | R12: =MAX(N12, O12, G12:Q12) -> 2187 | S12: =MIN(N12, O12, G12:Q12) -> 277.2 | T12: =R12 - S12 -> 1909.8
A13: 10 | B13: =B12 + 1 -> 10 | C13: =B13*$C$3 -> 700 | D13: =B13*$D$3 -> 1800 | E13: =B13*$E$3 -> 280 | F13: =B13*$F$3 -> 550 | G13: =SUM(G12, $G$3*2) -> 832.6 | H13: =SUM(H12, $H$3*2) -> 753.88 | I13: =SUM(I12, $I$3*2) -> 703.75 | J13: =SUM(J12, $J$3*2) -> 678.75 | K13: =SUM(K12, $K$3*2) -> 680 | L13: =SUM(L12, $L$3*2) -> 658.94 | M13: =SUM(M12, $M$3*2) -> 1075 | N13: =C13 + $N$3*C13 -> 770 | O13: =D13 + $O$3*D13 -> 2430 | P13: =E13 + $P$3*E13 -> 308 | Q13: =F13 + $Q$3*F13 -> 605 | R13: =MAX(N13, O13, G13:Q13) -> 2430 | S13: =MIN(N13, O13, G13:Q13) -> 308 | T13: =R13 - S13 -> 2122
A14: 11 | B14: =B13 + 1 -> 11 | C14: =B14*$C$3 -> 770 | D14: =B14*$D$3 -> 1980 | E14: =B14*$E$3 -> 308 | F14: =B14*$F$3 -> 605 | G14: =SUM(G13, $G$3*2) -> 916.36 | H14: =SUM(H13, $H$3*2) -> 828.88 | I14: =SUM(I13, $I$3*2) -> 773.75 | J14: =SUM(J13, $J$3*2) -> 746.25 | K14: =SUM(K13, $K$3*2) -> 747.5 | L14: =SUM(L13, $L$3*2) -> 724.44 | M14: =SUM(M13, $M$3*2) -> 1182.5 | N14: =C14 + $N$3*C14 -> 847 | O14: =D14 + $O$3*D14 -> 2673 | P14: =E14 + $P$3*E14 -> 338.8 | Q14: =F14 + $Q$3*F14 -> 665.5 | R14: =MAX(N14, O14, G14:Q14) -> 2673 | S14: =MIN(N14, O14, G14:Q14) -> 338.8 | T14: =R14 - S14 -> 2334.2
A15: 12 | B15: =B14 + 1 -> 12 | C15: =B15*$C$3 -> 840 | D15: =B15*$D$3 -> 2160 | E15: =B15*$E$3 -> 336 | F15: =B15*$F$3 -> 660 | G15: =SUM(G14, $G$3*2) -> 1000.12 | H15: =SUM(H14, $H$3*2) -> 903.88 | I15: =SUM(I14, $I$3*2) -> 843.75 | J15: =SUM(J14, $J$3*2) -> 813.75 | K15: =SUM(K14, $K$3*2) -> 815 | L15: =SUM(L14, $L$3*2) -> 789.94 | M15: =SUM(M14, $M$3*2) -> 1290 | N15: =C15 + $N$3*C15 -> 924 | O15: =D15 + $O$3*D15 -> 2916 | P15: =E15 + $P$3*E15 -> 369.6 | Q15: =F15 + $Q$3*F15 -> 726 | R15: =MAX(N15, O15, G15:Q15) -> 2916 | S15: =MIN(N15, O15, G15:Q15) -> 369.6 | T15: =R15 - S15 -> 2546.4
A16: 13 | B16: =B15 + 1 -> 13 | C16: =B16*$C$3 -> 910 | D16: =B16*$D$3 -> 2340 | E16: =B16*$E$3 -> 364 | F16: =B16*$F$3 -> 715 | G16: =SUM(G15, $G$3*2) -> 1083.88 | H16: =SUM(H15, $H$3*2) -> 978.88 | I16: =SUM(I15, $I$3*2) -> 913.75 | J16: =SUM(J15, $J$3*2) -> 881.25 | K16: =SUM(K15, $K$3*2) -> 882.5 | L16: =SUM(L15, $L$3*2) -> 855.44 | M16: =SUM(M15, $M$3*2) -> 1397.5 | N16: =C16 + $N$3*C16 -> 1001 | O16: =D16 + $O$3*D16 -> 3159 | P16: =E16 + $P$3*E16 -> 400.4 | Q16: =F16 + $Q$3*F16 -> 786.5 | R16: =MAX(N16, O16, G16:Q16) -> 3159 | S16: =MIN(N16, O16, G16:Q16) -> 400.4 | T16: =R16 - S16 -> 2758.6
A17: 14 | B17: =B16 + 1 -> 14 | C17: =B17*$C$3 -> 980 | D17: =B17*$D$3 -> 2520 | E17: =B17*$E$3 -> 392 | F17: =B17*$F$3 -> 770 | G17: =SUM(G16, $G$3*2) -> 1167.64 | H17: =SUM(H16, $H$3*2) -> 1053.88 | I17: =SUM(I16, $I$3*2) -> 983.75 | J17: =SUM(J16, $J$3*2) -> 948.75 | K17: =SUM(K16, $K$3*2) -> 950 | L17: =SUM(L16, $L$3*2) -> 920.94 | M17: =SUM(M16, $M$3*2) -> 1505 | N17: =C17 + $N$3*C17 -> 1078 | O17: =D17 + $O$3*D17 -> 3402 | P17: =E17 + $P$3*E17 -> 431.2 | Q17: =F17 + $Q$3*F17 -> 847 | R17: =MAX(N17, O17, G17:Q17) -> 3402 | S17: =MIN(N17, O17, G17:Q17) -> 431.2 | T17: =R17 - S17 -> 2970.8
... A53: 50 | B53: =B52 + 1 -> 50 | C53: =B53*$C$3 -> 3500 | D53: =B53*$D$3 -> 9000 | E53: =B53*$E$3 -> 1400 | F53: =B53*$F$3 -> 2750 | G53: =SUM(G52, $G$3*2) -> 4183 | H53: =SUM(H52, $H$3*2) -> 3753.88 | I53: =SUM(I52, $I$3*2) -> 3503.75 | J53: =SUM(J52, $J$3*2) -> 3378.75 | K53: =SUM(K52, $K$3*2) -> 3380 | L53: =SUM(L52, $L$3*2) -> 3278.94 | M53: =SUM(M52, $M$3*2) -> 5375 | N53: =C53 + $N$3*C53 -> 3850 | O53: =D53 + $O$3*D53 -> 12150 | P53: =E53 + $P$3*E53 -> 1540 | Q53: =F53 + $Q$3*F53 -> 3025 | R53: =MAX(N53, O53, G53:Q53) -> 12150 | S53: =MIN(N53, O53, G53:Q53) -> 1540 | T53: =R53 - S53 -> 10610

Sheet WITHINZONE
A1: SR.NO. | B1: KGS | C1: PROFESSIONAL PER KG | D1: ANJANI COURIERS PER KG | E1: DTDC PER KG | F1: SHREE MARUTI COURIER SERVICE PER KG | G1: ITHINK LOGISTICS DELHIVERY | H1: ITHINK LOGISTICS BLUEDART | I1: ITHINK LOGISTICS EKART | J1: ITHINK LOGISTICS SHADOWFAX | K1: ITHINK LOGISTICS AMAZON | L1: ITHINK LOGISTICS DTDC | M1: ITHINK LOGISTICS XPRESSBEES | N1: PROFESSIONAL COURIER SERVICE | O1: ANJANI COURIER SERVICE | P1: DTDC | Q1: SHREE MARUTI COURIER SERVICE | R1: HIGHEST COST | S1: LOWEST COST | T1: DIFFERENCE | U1: CHEAPEST COURIER | V1: EXPENSIVE COURIER
G2: FWD ADDN 0.5KG | H2: FWD ADDN 0.5KG | I2: FWD ADDN 0.5KG | J2: FWD ADDN 0.5KG | K2: FWD ADDN 0.5KG | L2: FWD ADDN 0.5KG | M2: FWD ADDN 0.5KG | N2: FUEL SURCHARGE | O2: FUEL SURCHARGE | P2: FUEL SURCHARGE | Q2: FUEL SURCHARGE
C3: 40 | D3: 150 | E3: 25 | F3: 50 | G3: 32.63 | H3: 38.06 | I3: 33.25 | J3: 28.25 | K3: 33.25 | L3: 32.13 | M3: 48.25 | N3: 0.1 | O3: 0.35 | P3: 0.1 | Q3: 0.1
A4: {=_xlfn.SEQUENCE(50)} -> 1 | B4: 1 | C4: =B4*$C$3 -> 40 | D4: =B4*$D$3 -> 150 | E4: =B6*$E$3 -> 75 | F4: =B4*$F$3 -> 50 | G4: =36.38+$G$3 -> 69.01 | H4: =39.4+$H$3 -> 77.46 | I4: =35.75+$I$3 -> 69 | J4: =30.75+$J$3 -> 59 | K4: =37+$K$3 -> 70.25 | L4: =34.75+$L$3 -> 66.88 | M4: =51.25+$M$3 -> 99.5 | N4: =C4 + $N$3*C4 -> 44 | O4: =D4 + $O$3*D4 -> 202.5 | P4: =E4 + $P$3*E4 -> 82.5 | Q4: =F4 + $Q$3*F4 -> 55 | R4: =MAX(N4, O4, G4:Q4) -> 202.5 | S4: =MIN(N4, O4, G4:Q4) -> 44 | T4: =R4 - S4 -> 158.5 | U4: =INDEX(C1:M1, MATCH(MIN(C6:M6), C6:M6, 0)) -> DTDC PER KG | V4: =INDEX(N1:Q1, MATCH(MAX(N4:Q4), N4:Q4,0)) -> ANJANI COURIER SERVICE
A5: 2 | B5: =B4 + 1 -> 2 | C5: =B5*$C$3 -> 80 | D5: =B5*$D$3 -> 300 | E5: =B6*$E$3 -> 75 | F5: =B5*$F$3 -> 100 | G5: =SUM(G4, $G$3*2) -> 134.27 | H5: =SUM(H4, $H$3*2) -> 153.58 | I5: =SUM(I4, $I$3*2) -> 135.5 | J5: =SUM(J4, $J$3*2) -> 115.5 | K5: =SUM(K4, $K$3*2) -> 136.75 | L5: =SUM(L4, $L$3*2) -> 131.14 | M5: =SUM(M4, $M$3*2) -> 196 | N5: =C5 + $N$3*C5 -> 88 | O5: =D5 + $O$3*D5 -> 405 | P5: =E5 + $P$3*E5 -> 82.5 | Q5: =F5 + $Q$3*F5 -> 110 | R5: =MAX(N5, O5, G5:Q5) -> 405 | S5: =MIN(N5, O5, G5:Q5) -> 82.5 | T5: =R5 - S5 -> 322.5
A6: 3 | B6: =B5 + 1 -> 3 | C6: =B6*$C$3 -> 120 | D6: =B6*$D$3 -> 450 | E6: =B6*$E$3 -> 75 | F6: =B6*$F$3 -> 150 | G6: =SUM(G5, $G$3*2) -> 199.53 | H6: =SUM(H5, $H$3*2) -> 229.7 | I6: =SUM(I5, $I$3*2) -> 202 | J6: =SUM(J5, $J$3*2) -> 172 | K6: =SUM(K5, $K$3*2) -> 203.25 | L6: =SUM(L5, $L$3*2) -> 195.4 | M6: =SUM(M5, $M$3*2) -> 292.5 | N6: =C6 + $N$3*C6 -> 132 | O6: =D6 + $O$3*D6 -> 607.5 | P6: =E6 + $P$3*E6 -> 82.5 | Q6: =F6 + $Q$3*F6 -> 165 | R6: =MAX(N6, O6, G6:Q6) -> 607.5 | S6: =MIN(N6, O6, G6:Q6) -> 82.5 | T6: =R6 - S6 -> 525
A7: 4 | B7: =B6 + 1 -> 4 | C7: =B7*$C$3 -> 160 | D7: =B7*$D$3 -> 600 | E7: =B7*$E$3 -> 100 | F7: =B7*$F$3 -> 200 | G7: =SUM(G6, $G$3*2) -> 264.79 | H7: =SUM(H6, $H$3*2) -> 305.82 | I7: =SUM(I6, $I$3*2) -> 268.5 | J7: =SUM(J6, $J$3*2) -> 228.5 | K7: =SUM(K6, $K$3*2) -> 269.75 | L7: =SUM(L6, $L$3*2) -> 259.66 | M7: =SUM(M6, $M$3*2) -> 389 | N7: =C7 + $N$3*C7 -> 176 | O7: =D7 + $O$3*D7 -> 810 | P7: =E7 + $P$3*E7 -> 110 | Q7: =F7 + $Q$3*F7 -> 220 | R7: =MAX(N7, O7, G7:Q7) -> 810 | S7: =MIN(N7, O7, G7:Q7) -> 110 | T7: =R7 - S7 -> 700
A8: 5 | B8: =B7 + 1 -> 5 | C8: =B8*$C$3 -> 200 | D8: =B8*$D$3 -> 750 | E8: =B8*$E$3 -> 125 | F8: =B8*$F$3 -> 250 | G8: =SUM(G7, $G$3*2) -> 330.05 | H8: =SUM(H7, $H$3*2) -> 381.94 | I8: =SUM(I7, $I$3*2) -> 335 | J8: =SUM(J7, $J$3*2) -> 285 | K8: =SUM(K7, $K$3*2) -> 336.25 | L8: =SUM(L7, $L$3*2) -> 323.92 | M8: =SUM(M7, $M$3*2) -> 485.5 | N8: =C8 + $N$3*C8 -> 220 | O8: =D8 + $O$3*D8 -> 1012.5 | P8: =E8 + $P$3*E8 -> 137.5 | Q8: =F8 + $Q$3*F8 -> 275 | R8: =MAX(N8, O8, G8:Q8) -> 1012.5 | S8: =MIN(N8, O8, G8:Q8) -> 137.5 | T8: =R8 - S8 -> 875
A9: 6 | B9: =B8 + 1 -> 6 | C9: =B9*$C$3 -> 240 | D9: =B9*$D$3 -> 900 | E9: =B9*$E$3 -> 150 | F9: =B9*$F$3 -> 300 | G9: =SUM(G8, $G$3*2) -> 395.31 | H9: =SUM(H8, $H$3*2) -> 458.06 | I9: =SUM(I8, $I$3*2) -> 401.5 | J9: =SUM(J8, $J$3*2) -> 341.5 | K9: =SUM(K8, $K$3*2) -> 402.75 | L9: =SUM(L8, $L$3*2) -> 388.18 | M9: =SUM(M8, $M$3*2) -> 582 | N9: =C9 + $N$3*C9 -> 264 | O9: =D9 + $O$3*D9 -> 1215 | P9: =E9 + $P$3*E9 -> 165 | Q9: =F9 + $Q$3*F9 -> 330 | R9: =MAX(N9, O9, G9:Q9) -> 1215 | S9: =MIN(N9, O9, G9:Q9) -> 165 | T9: =R9 - S9 -> 1050
A10: 7 | B10: =B9 + 1 -> 7 | C10: =B10*$C$3 -> 280 | D10: =B10*$D$3 -> 1050 | E10: =B10*$E$3 -> 175 | F10: =B10*$F$3 -> 350 | G10: =SUM(G9, $G$3*2) -> 460.57 | H10: =SUM(H9, $H$3*2) -> 534.18 | I10: =SUM(I9, $I$3*2) -> 468 | J10: =SUM(J9, $J$3*2) -> 398 | K10: =SUM(K9, $K$3*2) -> 469.25 | L10: =SUM(L9, $L$3*2) -> 452.44 | M10: =SUM(M9, $M$3*2) -> 678.5 | N10: =C10 + $N$3*C10 -> 308 | O10: =D10 + $O$3*D10 -> 1417.5 | P10: =E10 + $P$3*E10 -> 192.5 | Q10: =F10 + $Q$3*F10 -> 385 | R10: =MAX(N10, O10, G10:Q10) -> 1417.5 | S10: =MIN(N10, O10, G10:Q10) -> 192.5 | T10: =R10 - S10 -> 1225
A11: 8 | B11: =B10 + 1 -> 8 | C11: =B11*$C$3 -> 320 | D11: =B11*$D$3 -> 1200 | E11: =B11*$E$3 -> 200 | F11: =B11*$F$3 -> 400 | G11: =SUM(G10, $G$3*2) -> 525.83 | H11: =SUM(H10, $H$3*2) -> 610.3 | I11: =SUM(I10, $I$3*2) -> 534.5 | J11: =SUM(J10, $J$3*2) -> 454.5 | K11: =SUM(K10, $K$3*2) -> 535.75 | L11: =SUM(L10, $L$3*2) -> 516.7 | M11: =SUM(M10, $M$3*2) -> 775 | N11: =C11 + $N$3*C11 -> 352 | O11: =D11 + $O$3*D11 -> 1620 | P11: =E11 + $P$3*E11 -> 220 | Q11: =F11 + $Q$3*F11 -> 440 | R11: =MAX(N11, O11, G11:Q11) -> 1620 | S11: =MIN(N11, O11, G11:Q11) -> 220 | T11: =R11 - S11 -> 1400
A12: 9 | B12: =B11 + 1 -> 9 | C12: =B12*$C$3 -> 360 | D12: =B12*$D$3 -> 1350 | E12: =B12*$E$3 -> 225 | F12: =B12*$F$3 -> 450 | G12: =SUM(G11, $G$3*2) -> 591.09 | H12: =SUM(H11, $H$3*2) -> 686.42 | I12: =SUM(I11, $I$3*2) -> 601 | J12: =SUM(J11, $J$3*2) -> 511 | K12: =SUM(K11, $K$3*2) -> 602.25 | L12: =SUM(L11, $L$3*2) -> 580.96 | M12: =SUM(M11, $M$3*2) -> 871.5 | N12: =C12 + $N$3*C12 -> 396 | O12: =D12 + $O$3*D12 -> 1822.5 | P12: =E12 + $P$3*E12 -> 247.5 | Q12: =F12 + $Q$3*F12 -> 495 | R12: =MAX(N12, O12, G12:Q12) -> 1822.5 | S12: =MIN(N12, O12, G12:Q12) -> 247.5 | T12: =R12 - S12 -> 1575
A13: 10 | B13: =B12 + 1 -> 10 | C13: =B13*$C$3 -> 400 | D13: =B13*$D$3 -> 1500 | E13: =B13*$E$3 -> 250 | F13: =B13*$F$3 -> 500 | G13: =SUM(G12, $G$3*2) -> 656.35 | H13: =SUM(H12, $H$3*2) -> 762.54 | I13: =SUM(I12, $I$3*2) -> 667.5 | J13: =SUM(J12, $J$3*2) -> 567.5 | K13: =SUM(K12, $K$3*2) -> 668.75 | L13: =SUM(L12, $L$3*2) -> 645.22 | M13: =SUM(M12, $M$3*2) -> 968 | N13: =C13 + $N$3*C13 -> 440 | O13: =D13 + $O$3*D13 -> 2025 | P13: =E13 + $P$3*E13 -> 275 | Q13: =F13 + $Q$3*F13 -> 550 | R13: =MAX(N13, O13, G13:Q13) -> 2025 | S13: =MIN(N13, O13, G13:Q13) -> 275 | T13: =R13 - S13 -> 1750
A14: 11 | B14: =B13 + 1 -> 11 | C14: =B14*$C$3 -> 440 | D14: =B14*$D$3 -> 1650 | E14: =B14*$E$3 -> 275 | F14: =B14*$F$3 -> 550 | G14: =SUM(G13, $G$3*2) -> 721.61 | H14: =SUM(H13, $H$3*2) -> 838.66 | I14: =SUM(I13, $I$3*2) -> 734 | J14: =SUM(J13, $J$3*2) -> 624 | K14: =SUM(K13, $K$3*2) -> 735.25 | L14: =SUM(L13, $L$3*2) -> 709.48 | M14: =SUM(M13, $M$3*2) -> 1064.5 | N14: =C14 + $N$3*C14 -> 484 | O14: =D14 + $O$3*D14 -> 2227.5 | P14: =E14 + $P$3*E14 -> 302.5 | Q14: =F14 + $Q$3*F14 -> 605 | R14: =MAX(N14, O14, G14:Q14) -> 2227.5 | S14: =MIN(N14, O14, G14:Q14) -> 302.5 | T14: =R14 - S14 -> 1925
A15: 12 | B15: =B14 + 1 -> 12 | C15: =B15*$C$3 -> 480 | D15: =B15*$D$3 -> 1800 | E15: =B15*$E$3 -> 300 | F15: =B15*$F$3 -> 600 | G15: =SUM(G14, $G$3*2) -> 786.87 | H15: =SUM(H14, $H$3*2) -> 914.78 | I15: =SUM(I14, $I$3*2) -> 800.5 | J15: =SUM(J14, $J$3*2) -> 680.5 | K15: =SUM(K14, $K$3*2) -> 801.75 | L15: =SUM(L14, $L$3*2) -> 773.74 | M15: =SUM(M14, $M$3*2) -> 1161 | N15: =C15 + $N$3*C15 -> 528 | O15: =D15 + $O$3*D15 -> 2430 | P15: =E15 + $P$3*E15 -> 330 | Q15: =F15 + $Q$3*F15 -> 660 | R15: =MAX(N15, O15, G15:Q15) -> 2430 | S15: =MIN(N15, O15, G15:Q15) -> 330 | T15: =R15 - S15 -> 2100
A16: 13 | B16: =B15 + 1 -> 13 | C16: =B16*$C$3 -> 520 | D16: =B16*$D$3 -> 1950 | E16: =B16*$E$3 -> 325 | F16: =B16*$F$3 -> 650 | G16: =SUM(G15, $G$3*2) -> 852.13 | H16: =SUM(H15, $H$3*2) -> 990.9 | I16: =SUM(I15, $I$3*2) -> 867 | J16: =SUM(J15, $J$3*2) -> 737 | K16: =SUM(K15, $K$3*2) -> 868.25 | L16: =SUM(L15, $L$3*2) -> 838 | M16: =SUM(M15, $M$3*2) -> 1257.5 | N16: =C16 + $N$3*C16 -> 572 | O16: =D16 + $O$3*D16 -> 2632.5 | P16: =E16 + $P$3*E16 -> 357.5 | Q16: =F16 + $Q$3*F16 -> 715 | R16: =MAX(N16, O16, G16:Q16) -> 2632.5 | S16: =MIN(N16, O16, G16:Q16) -> 357.5 | T16: =R16 - S16 -> 2275
A17: 14 | B17: =B16 + 1 -> 14 | C17: =B17*$C$3 -> 560 | D17: =B17*$D$3 -> 2100 | E17: =B17*$E$3 -> 350 | F17: =B17*$F$3 -> 700 | G17: =SUM(G16, $G$3*2) -> 917.39 | H17: =SUM(H16, $H$3*2) -> 1067.02 | I17: =SUM(I16, $I$3*2) -> 933.5 | J17: =SUM(J16, $J$3*2) -> 793.5 | K17: =SUM(K16, $K$3*2) -> 934.75 | L17: =SUM(L16, $L$3*2) -> 902.26 | M17: =SUM(M16, $M$3*2) -> 1354 | N17: =C17 + $N$3*C17 -> 616 | O17: =D17 + $O$3*D17 -> 2835 | P17: =E17 + $P$3*E17 -> 385 | Q17: =F17 + $Q$3*F17 -> 770 | R17: =MAX(N17, O17, G17:Q17) -> 2835 | S17: =MIN(N17, O17, G17:Q17) -> 385 | T17: =R17 - S17 -> 2450
... A53: 50 | B53: =B52 + 1 -> 50 | C53: =B53*$C$3 -> 2000 | D53: =B53*$D$3 -> 7500 | E53: =B53*$E$3 -> 1250 | F53: =B53*$F$3 -> 2500 | G53: =SUM(G52, $G$3*2) -> 3266.75 | H53: =SUM(H52, $H$3*2) -> 3807.34 | I53: =SUM(I52, $I$3*2) -> 3327.5 | J53: =SUM(J52, $J$3*2) -> 2827.5 | K53: =SUM(K52, $K$3*2) -> 3328.75 | L53: =SUM(L52, $L$3*2) -> 3215.62 | M53: =SUM(M52, $M$3*2) -> 4828 | N53: =C53 + $N$3*C53 -> 2200 | O53: =D53 + $O$3*D53 -> 10125 | P53: =E53 + $P$3*E53 -> 1375 | Q53: =F53 + $Q$3*F53 -> 2750 | R53: =MAX(N53, O53, G53:Q53) -> 10125 | S53: =MIN(N53, O53, G53:Q53) -> 1375 | T53: =R53 - S53 -> 8750

Sheet WITHINSTATE
A1: SR.NO. | B1: KGS | C1: PROFESSIONAL PER KG | D1: ANJANI COURIERS PER KG | E1: DTDC PER KG | F1: SHREE MARUTI COURIER SERVICE PER KG | G1: ITHINK LOGISTICS DELHIVERY | H1: ITHINK LOGISTICS BLUEDART | I1: ITHINK LOGISTICS EKART | J1: ITHINK LOGISTICS SHADOWFAX | K1: ITHINK LOGISTICS AMAZON | L1: ITHINK LOGISTICS DTDC | M1: ITHINK LOGISTICS XPRESSBEES | N1: PROFESSIONAL COURIER SERVICE | O1: ANJANI COURIER SERVICE | P1: DTDC | Q1: SHREE MARUTI COURIER SERVICE | R1: HIGHEST COST | S1: LOWEST COST | T1: DIFFERENCE | U1: CHEAPEST COURIER | V1: EXPENSIVE COURIER
G2: FWD ADDN 0.5KG | H2: FWD ADDN 0.5KG | I2: FWD ADDN 0.5KG | J2: FWD ADDN 0.5KG | K2: FWD ADDN 0.5KG | L2: FWD ADDN 0.5KG | M2: FWD ADDN 0.5KG | N2: FUEL SURCHARGE | O2: FUEL SURCHARGE | P2: FUEL SURCHARGE | Q2: FUEL SURCHARGE
C3: 35 | D3: 60 | E3: 20 | F3: 25 | G3: 32.63 | H3: 38.06 | I3: 33.25 | J3: 28.25 | K3: 33.25 | L3: 32.13 | M3: 48.25 | N3: 0.1 | O3: 0.35 | P3: 0.1 | Q3: 0.1
A4: {=_xlfn.SEQUENCE(50)} -> 1 | B4: 1 | C4: =B4*$C$3 -> 35 | D4: =B4*$D$3 -> 60 | E4: =B6*$E$3 -> 60 | F4: =B4*$F$3 -> 25 | G4: =36.38+$G$3 -> 69.01 | H4: =39.4+$H$3 -> 77.46 | I4: =35.75+$I$3 -> 69 | J4: =30.75+$J$3 -> 59 | K4: =37+$K$3 -> 70.25 | L4: =34.75+$L$3 -> 66.88 | M4: =51.25+$M$3 -> 99.5 | N4: =C4 + $N$3*C4 -> 38.5 | O4: =D4 + $O$3*D4 -> 81 | P4: =E4 + $P$3*E4 -> 66 | Q4: =F4 + $Q$3*F4 -> 27.5 | R4: =MAX(F4:Q4) -> 99.5 | S4: =MIN(N4:Q4) -> 27.5 | T4: =R4 - S4 -> 72 | U4: =INDEX($C$1:$M$1, MATCH(MIN(C6:M6), C6:M6, 0)) -> DTDC PER KG | V4: =INDEX($N$1:$Q$1, MATCH(MAX(N4:Q4), N4:Q4,0)) -> ANJANI COURIER SERVICE | X4: =INDEX(G1:Q1,MATCH(MIN(G5:Q5),G5:Q5,0)) -> SHREE MARUTI COURIER SERVICE
A5: 2 | B5: =B4 + 1 -> 2 | C5: =B5*$C$3 -> 70 | D5: =B5*$D$3 -> 120 | E5: =B6*$E$3 -> 60 | F5: =B5*$F$3 -> 50 | G5: =SUM(G4, $G$3*2) -> 134.27 | H5: =SUM(H4, $H$3*2) -> 153.58 | I5: =SUM(I4, $I$3*2) -> 135.5 | J5: =SUM(J4, $J$3*2) -> 115.5 | K5: =SUM(K4, $K$3*2) -> 136.75 | L5: =SUM(L4, $L$3*2) -> 131.14 | M5: =SUM(M4, $M$3*2) -> 196 | N5: =C5 + $N$3*C5 -> 77 | O5: =D5 + $O$3*D5 -> 162 | P5: =E5 + $P$3*E5 -> 66 | Q5: =F5 + $Q$3*F5 -> 55 | R5: =MAX(N5, O5, G5:Q5) -> 196 | S5: =MIN(N5, O5, G5:Q5) -> 55 | T5: =R5 - S5 -> 141
A6: 3 | B6: =B5 + 1 -> 3 | C6: =B6*$C$3 -> 105 | D6: =B6*$D$3 -> 180 | E6: =B6*$E$3 -> 60 | F6: =B6*$F$3 -> 75 | G6: =SUM(G5, $G$3*2) -> 199.53 | H6: =SUM(H5, $H$3*2) -> 229.7 | I6: =SUM(I5, $I$3*2) -> 202 | J6: =SUM(J5, $J$3*2) -> 172 | K6: =SUM(K5, $K$3*2) -> 203.25 | L6: =SUM(L5, $L$3*2) -> 195.4 | M6: =SUM(M5, $M$3*2) -> 292.5 | N6: =C6 + $N$3*C6 -> 115.5 | O6: =D6 + $O$3*D6 -> 243 | P6: =E6 + $P$3*E6 -> 66 | Q6: =F6 + $Q$3*F6 -> 82.5 | R6: =MAX(N6, O6, G6:Q6) -> 292.5 | S6: =MIN(N6, O6, G6:Q6) -> 66 | T6: =R6 - S6 -> 226.5
A7: 4 | B7: =B6 + 1 -> 4 | C7: =B7*$C$3 -> 140 | D7: =B7*$D$3 -> 240 | E7: =B7*$E$3 -> 80 | F7: =B7*$F$3 -> 100 | G7: =SUM(G6, $G$3*2) -> 264.79 | H7: =SUM(H6, $H$3*2) -> 305.82 | I7: =SUM(I6, $I$3*2) -> 268.5 | J7: =SUM(J6, $J$3*2) -> 228.5 | K7: =SUM(K6, $K$3*2) -> 269.75 | L7: =SUM(L6, $L$3*2) -> 259.66 | M7: =SUM(M6, $M$3*2) -> 389 | N7: =C7 + $N$3*C7 -> 154 | O7: =D7 + $O$3*D7 -> 324 | P7: =E7 + $P$3*E7 -> 88 | Q7: =F7 + $Q$3*F7 -> 110 | R7: =MAX(N7, O7, G7:Q7) -> 389 | S7: =MIN(N7, O7, G7:Q7) -> 88 | T7: =R7 - S7 -> 301
A8: 5 | B8: =B7 + 1 -> 5 | C8: =B8*$C$3 -> 175 | D8: =B8*$D$3 -> 300 | E8: =B8*$E$3 -> 100 | F8: =B8*$F$3 -> 125 | G8: =SUM(G7, $G$3*2) -> 330.05 | H8: =SUM(H7, $H$3*2) -> 381.94 | I8: =SUM(I7, $I$3*2) -> 335 | J8: =SUM(J7, $J$3*2) -> 285 | K8: =SUM(K7, $K$3*2) -> 336.25 | L8: =SUM(L7, $L$3*2) -> 323.92 | M8: =SUM(M7, $M$3*2) -> 485.5 | N8: =C8 + $N$3*C8 -> 192.5 | O8: =D8 + $O$3*D8 -> 405 | P8: =E8 + $P$3*E8 -> 110 | Q8: =F8 + $Q$3*F8 -> 137.5 | R8: =MAX(N8, O8, G8:Q8) -> 485.5 | S8: =MIN(N8, O8, G8:Q8) -> 110 | T8: =R8 - S8 -> 375.5
A9: 6 | B9: =B8 + 1 -> 6 | C9: =B9*$C$3 -> 210 | D9: =B9*$D$3 -> 360 | E9: =B9*$E$3 -> 120 | F9: =B9*$F$3 -> 150 | G9: =SUM(G8, $G$3*2) -> 395.31 | H9: =SUM(H8, $H$3*2) -> 458.06 | I9: =SUM(I8, $I$3*2) -> 401.5 | J9: =SUM(J8, $J$3*2) -> 341.5 | K9: =SUM(K8, $K$3*2) -> 402.75 | L9: =SUM(L8, $L$3*2) -> 388.18 | M9: =SUM(M8, $M$3*2) -> 582 | N9: =C9 + $N$3*C9 -> 231 | O9: =D9 + $O$3*D9 -> 486 | P9: =E9 + $P$3*E9 -> 132 | Q9: =F9 + $Q$3*F9 -> 165 | R9: =MAX(N9, O9, G9:Q9) -> 582 | S9: =MIN(N9, O9, G9:Q9) -> 132 | T9: =R9 - S9 -> 450
A10: 7 | B10: =B9 + 1 -> 7 | C10: =B10*$C$3 -> 245 | D10: =B10*$D$3 -> 420 | E10: =B10*$E$3 -> 140 | F10: =B10*$F$3 -> 175 | G10: =SUM(G9, $G$3*2) -> 460.57 | H10: =SUM(H9, $H$3*2) -> 534.18 | I10: =SUM(I9, $I$3*2) -> 468 | J10: =SUM(J9, $J$3*2) -> 398 | K10: =SUM(K9, $K$3*2) -> 469.25 | L10: =SUM(L9, $L$3*2) -> 452.44 | M10: =SUM(M9, $M$3*2) -> 678.5 | N10: =C10 + $N$3*C10 -> 269.5 | O10: =D10 + $O$3*D10 -> 567 | P10: =E10 + $P$3*E10 -> 154 | Q10: =F10 + $Q$3*F10 -> 192.5 | R10: =MAX(N10, O10, G10:Q10) -> 678.5 | S10: =MIN(N10, O10, G10:Q10) -> 154 | T10: =R10 - S10 -> 524.5
A11: 8 | B11: =B10 + 1 -> 8 | C11: =B11*$C$3 -> 280 | D11: =B11*$D$3 -> 480 | E11: =B11*$E$3 -> 160 | F11: =B11*$F$3 -> 200 | G11: =SUM(G10, $G$3*2) -> 525.83 | H11: =SUM(H10, $H$3*2) -> 610.3 | I11: =SUM(I10, $I$3*2) -> 534.5 | J11: =SUM(J10, $J$3*2) -> 454.5 | K11: =SUM(K10, $K$3*2) -> 535.75 | L11: =SUM(L10, $L$3*2) -> 516.7 | M11: =SUM(M10, $M$3*2) -> 775 | N11: =C11 + $N$3*C11 -> 308 | O11: =D11 + $O$3*D11 -> 648 | P11: =E11 + $P$3*E11 -> 176 | Q11: =F11 + $Q$3*F11 -> 220 | R11: =MAX(N11, O11, G11:Q11) -> 775 | S11: =MIN(N11, O11, G11:Q11) -> 176 | T11: =R11 - S11 -> 599
A12: 9 | B12: =B11 + 1 -> 9 | C12: =B12*$C$3 -> 315 | D12: =B12*$D$3 -> 540 | E12: =B12*$E$3 -> 180 | F12: =B12*$F$3 -> 225 | G12: =SUM(G11, $G$3*2) -> 591.09 | H12: =SUM(H11, $H$3*2) -> 686.42 | I12: =SUM(I11, $I$3*2) -> 601 | J12: =SUM(J11, $J$3*2) -> 511 | K12: =SUM(K11, $K$3*2) -> 602.25 | L12: =SUM(L11, $L$3*2) -> 580.96 | M12: =SUM(M11, $M$3*2) -> 871.5 | N12: =C12 + $N$3*C12 -> 346.5 | O12: =D12 + $O$3*D12 -> 729 | P12: =E12 + $P$3*E12 -> 198 | Q12: =F12 + $Q$3*F12 -> 247.5 | R12: =MAX(N12, O12, G12:Q12) -> 871.5 | S12: =MIN(N12, O12, G12:Q12) -> 198 | T12: =R12 - S12 -> 673.5
A13: 10 | B13: =B12 + 1 -> 10 | C13: =B13*$C$3 -> 350 | D13: =B13*$D$3 -> 600 | E13: =B13*$E$3 -> 200 | F13: =B13*$F$3 -> 250 | G13: =SUM(G12, $G$3*2) -> 656.35 | H13: =SUM(H12, $H$3*2) -> 762.54 | I13: =SUM(I12, $I$3*2) -> 667.5 | J13: =SUM(J12, $J$3*2) -> 567.5 | K13: =SUM(K12, $K$3*2) -> 668.75 | L13: =SUM(L12, $L$3*2) -> 645.22 | M13: =SUM(M12, $M$3*2) -> 968 | N13: =C13 + $N$3*C13 -> 385 | O13: =D13 + $O$3*D13 -> 810 | P13: =E13 + $P$3*E13 -> 220 | Q13: =F13 + $Q$3*F13 -> 275 | R13: =MAX(N13, O13, G13:Q13) -> 968 | S13: =MIN(N13, O13, G13:Q13) -> 220 | T13: =R13 - S13 -> 748
A14: 11 | B14: =B13 + 1 -> 11 | C14: =B14*$C$3 -> 385 | D14: =B14*$D$3 -> 660 | E14: =B14*$E$3 -> 220 | F14: =B14*$F$3 -> 275 | G14: =SUM(G13, $G$3*2) -> 721.61 | H14: =SUM(H13, $H$3*2) -> 838.66 | I14: =SUM(I13, $I$3*2) -> 734 | J14: =SUM(J13, $J$3*2) -> 624 | K14: =SUM(K13, $K$3*2) -> 735.25 | L14: =SUM(L13, $L$3*2) -> 709.48 | M14: =SUM(M13, $M$3*2) -> 1064.5 | N14: =C14 + $N$3*C14 -> 423.5 | O14: =D14 + $O$3*D14 -> 891 | P14: =E14 + $P$3*E14 -> 242 | Q14: =F14 + $Q$3*F14 -> 302.5 | R14: =MAX(N14, O14, G14:Q14) -> 1064.5 | S14: =MIN(N14, O14, G14:Q14) -> 242 | T14: =R14 - S14 -> 822.5
A15: 12 | B15: =B14 + 1 -> 12 | C15: =B15*$C$3 -> 420 | D15: =B15*$D$3 -> 720 | E15: =B15*$E$3 -> 240 | F15: =B15*$F$3 -> 300 | G15: =SUM(G14, $G$3*2) -> 786.87 | H15: =SUM(H14, $H$3*2) -> 914.78 | I15: =SUM(I14, $I$3*2) -> 800.5 | J15: =SUM(J14, $J$3*2) -> 680.5 | K15: =SUM(K14, $K$3*2) -> 801.75 | L15: =SUM(L14, $L$3*2) -> 773.74 | M15: =SUM(M14, $M$3*2) -> 1161 | N15: =C15 + $N$3*C15 -> 462 | O15: =D15 + $O$3*D15 -> 972 | P15: =E15 + $P$3*E15 -> 264 | Q15: =F15 + $Q$3*F15 -> 330 | R15: =MAX(N15, O15, G15:Q15) -> 1161 | S15: =MIN(N15, O15, G15:Q15) -> 264 | T15: =R15 - S15 -> 897
A16: 13 | B16: =B15 + 1 -> 13 | C16: =B16*$C$3 -> 455 | D16: =B16*$D$3 -> 780 | E16: =B16*$E$3 -> 260 | F16: =B16*$F$3 -> 325 | G16: =SUM(G15, $G$3*2) -> 852.13 | H16: =SUM(H15, $H$3*2) -> 990.9 | I16: =SUM(I15, $I$3*2) -> 867 | J16: =SUM(J15, $J$3*2) -> 737 | K16: =SUM(K15, $K$3*2) -> 868.25 | L16: =SUM(L15, $L$3*2) -> 838 | M16: =SUM(M15, $M$3*2) -> 1257.5 | N16: =C16 + $N$3*C16 -> 500.5 | O16: =D16 + $O$3*D16 -> 1053 | P16: =E16 + $P$3*E16 -> 286 | Q16: =F16 + $Q$3*F16 -> 357.5 | R16: =MAX(N16, O16, G16:Q16) -> 1257.5 | S16: =MIN(N16, O16, G16:Q16) -> 286 | T16: =R16 - S16 -> 971.5
A17: 14 | B17: =B16 + 1 -> 14 | C17: =B17*$C$3 -> 490 | D17: =B17*$D$3 -> 840 | E17: =B17*$E$3 -> 280 | F17: =B17*$F$3 -> 350 | G17: =SUM(G16, $G$3*2) -> 917.39 | H17: =SUM(H16, $H$3*2) -> 1067.02 | I17: =SUM(I16, $I$3*2) -> 933.5 | J17: =SUM(J16, $J$3*2) -> 793.5 | K17: =SUM(K16, $K$3*2) -> 934.75 | L17: =SUM(L16, $L$3*2) -> 902.26 | M17: =SUM(M16, $M$3*2) -> 1354 | N17: =C17 + $N$3*C17 -> 539 | O17: =D17 + $O$3*D17 -> 1134 | P17: =E17 + $P$3*E17 -> 308 | Q17: =F17 + $Q$3*F17 -> 385 | R17: =MAX(N17, O17, G17:Q17) -> 1354 | S17: =MIN(N17, O17, G17:Q17) -> 308 | T17: =R17 - S17 -> 1046
... A53: 50 | B53: =B52 + 1 -> 50 | C53: =B53*$C$3 -> 1750 | D53: =B53*$D$3 -> 3000 | E53: =B53*$E$3 -> 1000 | F53: =B53*$F$3 -> 1250 | G53: =SUM(G52, $G$3*2) -> 3266.75 | H53: =SUM(H52, $H$3*2) -> 3807.34 | I53: =SUM(I52, $I$3*2) -> 3327.5 | J53: =SUM(J52, $J$3*2) -> 2827.5 | K53: =SUM(K52, $K$3*2) -> 3328.75 | L53: =SUM(L52, $L$3*2) -> 3215.62 | M53: =SUM(M52, $M$3*2) -> 4828 | N53: =C53 + $N$3*C53 -> 1925 | O53: =D53 + $O$3*D53 -> 4050 | P53: =E53 + $P$3*E53 -> 1100 | Q53: =F53 + $Q$3*F53 -> 1375 | R53: =MAX(N53, O53, G53:Q53) -> 4828 | S53: =MIN(N53, O53, G53:Q53) -> 1100 | T53: =R53 - S53 -> 3728

Sheet WITHINCITY
A1: SR.NO. | B1: KGS | C1: PROFESSIONAL PER KG | D1: ANJANI COURIERS PER KG | E1: DTDC PER KG | F1: SHREE MARUTI COURIER SERVICE PER KG | G1: ITHINK LOGISTICS DELHIVERY | H1: ITHINK LOGISTICS BLUEDART | I1: ITHINK LOGISTICS EKART | J1: ITHINK LOGISTICS SHADOWFAX | K1: ITHINK LOGISTICS AMAZON | L1: ITHINK LOGISTICS DTDC | M1: ITHINK LOGISTICS XPRESSBEES | N1: PROFESSIONAL COURIER SERVICE | O1: ANJANI COURIER SERVICE | P1: DTDC | Q1: SHREE MARUTI COURIER SERVICE | R1: HIGHEST COST | S1: LOWEST COST | T1: DIFFERENCE | U1: CHEAPEST COURIER | V1: EXPENSIVE COURIER
G2: FWD ADDN 0.5KG | H2: FWD ADDN 0.5KG | I2: FWD ADDN 0.5KG | J2: FWD ADDN 0.5KG | K2: FWD ADDN 0.5KG | L2: FWD ADDN 0.5KG | M2: FWD ADDN 0.5KG | N2: FUEL SURCHARGE | O2: FUEL SURCHARGE | P2: FUEL SURCHARGE | Q2: FUEL SURCHARGE
C3: 15 | D3: 30 | E3: 18 | F3: 15 | G3: 28.25 | H3: 35.28 | I3: 30.75 | J3: 25.75 | K3: 32 | L3: 26.88 | M3: 45.25 | N3: 0.1 | O3: 0.35 | P3: 0.1 | Q3: 0.1
A4: {=_xlfn.SEQUENCE(50)} -> 1 | B4: 1 | C4: =B4*$C$3 -> 15 | D4: =B4*$D$3 -> 30 | E4: =B6*$E$3 -> 54 | F4: =B4*$F$3 -> 15 | G4: =32+$G$3 -> 60.25 | H4: =36.61+$H$3 -> 71.89 | I4: =33.25+$I$3 -> 64 | J4: =28.25+$J$3 -> 54 | K4: =35.75+ $K$3 -> 67.75 | L4: =29.5+$L$3 -> 56.38 | M4: =45.25 + $M$3 -> 90.5 | N4: =C4 + $N$3*C4 -> 16.5 | O4: =D4 + $O$3*D4 -> 40.5 | P4: =E4 + $P$3*E4 -> 59.4 | Q4: =F4 + $Q$3*F4 -> 16.5 | R4: =MAX(N4:Q4) -> 59.4 | S4: =MIN(N4:Q4) -> 16.5 | T4: =R4 - S4 -> 42.9 | U4: =INDEX($C$1:$M$1, MATCH(MIN(C6:M6), C6:M6, 0)) -> PROFESSIONAL PER KG | V4: =INDEX($N$1:$Q$1, MATCH(MAX(N6:Q6), N6:Q6,0)) -> ANJANI COURIER SERVICE
A5: 2 | B5: =B4 + 1 -> 2 | C5: =B5*$C$3 -> 30 | D5: =B5*$D$3 -> 60 | E5: =B6*$E$3 -> 54 | F5: =B5*$F$3 -> 30 | G5: =SUM(G4, $G$3*2) -> 116.75 | H5: =SUM(H4, $H$3*2) -> 142.45 | I5: =SUM(I4, $I$3*2) -> 125.5 | J5: =SUM(J4, $J$3*2) -> 105.5 | K5: =SUM(K4, $K$3*2) -> 131.75 | L5: =SUM(L4, $L$3*2) -> 110.14 | M5: =SUM(M4, $M$3*2) -> 181 | N5: =C5 + $N$3*C5 -> 33 | O5: =D5 + $O$3*D5 -> 81 | P5: =E5 + $P$3*E5 -> 59.4 | Q5: =F5 + $Q$3*F5 -> 33 | R5: =MAX(N5, O5, G5:Q5) -> 181 | S5: =MIN(N5, O5, G5:Q5) -> 33 | T5: =R5 - S5 -> 148
A6: 3 | B6: =B5 + 1 -> 3 | C6: =B6*$C$3 -> 45 | D6: =B6*$D$3 -> 90 | E6: =B6*$E$3 -> 54 | F6: =B6*$F$3 -> 45 | G6: =SUM(G5, $G$3*2) -> 173.25 | H6: =SUM(H5, $H$3*2) -> 213.01 | I6: =SUM(I5, $I$3*2) -> 187 | J6: =SUM(J5, $J$3*2) -> 157 | K6: =SUM(K5, $K$3*2) -> 195.75 | L6: =SUM(L5, $L$3*2) -> 163.9 | M6: =SUM(M5, $M$3*2) -> 271.5 | N6: =C6 + $N$3*C6 -> 49.5 | O6: =D6 + $O$3*D6 -> 121.5 | P6: =E6 + $P$3*E6 -> 59.4 | Q6: =F6 + $Q$3*F6 -> 49.5 | R6: =MAX(N6, O6, G6:Q6) -> 271.5 | S6: =MIN(N6, O6, G6:Q6) -> 49.5 | T6: =R6 - S6 -> 222
A7: 4 | B7: =B6 + 1 -> 4 | C7: =B7*$C$3 -> 60 | D7: =B7*$D$3 -> 120 | E7: =B7*$E$3 -> 72 | F7: =B7*$F$3 -> 60 | G7: =SUM(G6, $G$3*2) -> 229.75 | H7: =SUM(H6, $H$3*2) -> 283.57 | I7: =SUM(I6, $I$3*2) -> 248.5 | J7: =SUM(J6, $J$3*2) -> 208.5 | K7: =SUM(K6, $K$3*2) -> 259.75 | L7: =SUM(L6, $L$3*2) -> 217.66 | M7: =SUM(M6, $M$3*2) -> 362 | N7: =C7 + $N$3*C7 -> 66 | O7: =D7 + $O$3*D7 -> 162 | P7: =E7 + $P$3*E7 -> 79.2 | Q7: =F7 + $Q$3*F7 -> 66 | R7: =MAX(N7, O7, G7:Q7) -> 362 | S7: =MIN(N7, O7, G7:Q7) -> 66 | T7: =R7 - S7 -> 296
A8: 5 | B8: =B7 + 1 -> 5 | C8: =B8*$C$3 -> 75 | D8: =B8*$D$3 -> 150 | E8: =B8*$E$3 -> 90 | F8: =B8*$F$3 -> 75 | G8: =SUM(G7, $G$3*2) -> 286.25 | H8: =SUM(H7, $H$3*2) -> 354.13 | I8: =SUM(I7, $I$3*2) -> 310 | J8: =SUM(J7, $J$3*2) -> 260 | K8: =SUM(K7, $K$3*2) -> 323.75 | L8: =SUM(L7, $L$3*2) -> 271.42 | M8: =SUM(M7, $M$3*2) -> 452.5 | N8: =C8 + $N$3*C8 -> 82.5 | O8: =D8 + $O$3*D8 -> 202.5 | P8: =E8 + $P$3*E8 -> 99 | Q8: =F8 + $Q$3*F8 -> 82.5 | R8: =MAX(N8, O8, G8:Q8) -> 452.5 | S8: =MIN(N8, O8, G8:Q8) -> 82.5 | T8: =R8 - S8 -> 370
A9: 6 | B9: =B8 + 1 -> 6 | C9: =B9*$C$3 -> 90 | D9: =B9*$D$3 -> 180 | E9: =B9*$E$3 -> 108 | F9: =B9*$F$3 -> 90 | G9: =SUM(G8, $G$3*2) -> 342.75 | H9: =SUM(H8, $H$3*2) -> 424.69 | I9: =SUM(I8, $I$3*2) -> 371.5 | J9: =SUM(J8, $J$3*2) -> 311.5 | K9: =SUM(K8, $K$3*2) -> 387.75 | L9: =SUM(L8, $L$3*2) -> 325.18 | M9: =SUM(M8, $M$3*2) -> 543 | N9: =C9 + $N$3*C9 -> 99 | O9: =D9 + $O$3*D9 -> 243 | P9: =E9 + $P$3*E9 -> 118.8 | Q9: =F9 + $Q$3*F9 -> 99 | R9: =MAX(N9, O9, G9:Q9) -> 543 | S9: =MIN(N9, O9, G9:Q9) -> 99 | T9: =R9 - S9 -> 444
A10: 7 | B10: =B9 + 1 -> 7 | C10: =B10*$C$3 -> 105 | D10: =B10*$D$3 -> 210 | E10: =B10*$E$3 -> 126 | F10: =B10*$F$3 -> 105 | G10: =SUM(G9, $G$3*2) -> 399.25 | H10: =SUM(H9, $H$3*2) -> 495.25 | I10: =SUM(I9, $I$3*2) -> 433 | J10: =SUM(J9, $J$3*2) -> 363 | K10: =SUM(K9, $K$3*2) -> 451.75 | L10: =SUM(L9, $L$3*2) -> 378.94 | M10: =SUM(M9, $M$3*2) -> 633.5 | N10: =C10 + $N$3*C10 -> 115.5 | O10: =D10 + $O$3*D10 -> 283.5 | P10: =E10 + $P$3*E10 -> 138.6 | Q10: =F10 + $Q$3*F10 -> 115.5 | R10: =MAX(N10, O10, G10:Q10) -> 633.5 | S10: =MIN(N10, O10, G10:Q10) -> 115.5 | T10: =R10 - S10 -> 518
A11: 8 | B11: =B10 + 1 -> 8 | C11: =B11*$C$3 -> 120 | D11: =B11*$D$3 -> 240 | E11: =B11*$E$3 -> 144 | F11: =B11*$F$3 -> 120 | G11: =SUM(G10, $G$3*2) -> 455.75 | H11: =SUM(H10, $H$3*2) -> 565.81 | I11: =SUM(I10, $I$3*2) -> 494.5 | J11: =SUM(J10, $J$3*2) -> 414.5 | K11: =SUM(K10, $K$3*2) -> 515.75 | L11: =SUM(L10, $L$3*2) -> 432.7 | M11: =SUM(M10, $M$3*2) -> 724 | N11: =C11 + $N$3*C11 -> 132 | O11: =D11 + $O$3*D11 -> 324 | P11: =E11 + $P$3*E11 -> 158.4 | Q11: =F11 + $Q$3*F11 -> 132 | R11: =MAX(N11, O11, G11:Q11) -> 724 | S11: =MIN(N11, O11, G11:Q11) -> 132 | T11: =R11 - S11 -> 592
A12: 9 | B12: =B11 + 1 -> 9 | C12: =B12*$C$3 -> 135 | D12: =B12*$D$3 -> 270 | E12: =B12*$E$3 -> 162 | F12: =B12*$F$3 -> 135 | G12: =SUM(G11, $G$3*2) -> 512.25 | H12: =SUM(H11, $H$3*2) -> 636.37 | I12: =SUM(I11, $I$3*2) -> 556 | J12: =SUM(J11, $J$3*2) -> 466 | K12: =SUM(K11, $K$3*2) -> 579.75 | L12: =SUM(L11, $L$3*2) -> 486.46 | M12: =SUM(M11, $M$3*2) -> 814.5 | N12: =C12 + $N$3*C12 -> 148.5 | O12: =D12 + $O$3*D12 -> 364.5 | P12: =E12 + $P$3*E12 -> 178.2 | Q12: =F12 + $Q$3*F12 -> 148.5 | R12: =MAX(N12, O12, G12:Q12) -> 814.5 | S12: =MIN(N12, O12, G12:Q12) -> 148.5 | T12: =R12 - S12 -> 666
A13: 10 | B13: =B12 + 1 -> 10 | C13: =B13*$C$3 -> 150 | D13: =B13*$D$3 -> 300 | E13: =B13*$E$3 -> 180 | F13: =B13*$F$3 -> 150 | G13: =SUM(G12, $G$3*2) -> 568.75 | H13: =SUM(H12, $H$3*2) -> 706.93 | I13: =SUM(I12, $I$3*2) -> 617.5 | J13: =SUM(J12, $J$3*2) -> 517.5 | K13: =SUM(K12, $K$3*2) -> 643.75 | L13: =SUM(L12, $L$3*2) -> 540.22 | M13: =SUM(M12, $M$3*2) -> 905 | N13: =C13 + $N$3*C13 -> 165 | O13: =D13 + $O$3*D13 -> 405 | P13: =E13 + $P$3*E13 -> 198 | Q13: =F13 + $Q$3*F13 -> 165 | R13: =MAX(N13, O13, G13:Q13) -> 905 | S13: =MIN(N13, O13, G13:Q13) -> 165 | T13: =R13 - S13 -> 740
A14: 11 | B14: =B13 + 1 -> 11 | C14: =B14*$C$3 -> 165 | D14: =B14*$D$3 -> 330 | E14: =B14*$E$3 -> 198 | F14: =B14*$F$3 -> 165 | G14: =SUM(G13, $G$3*2) -> 625.25 | H14: =SUM(H13, $H$3*2) -> 777.49 | I14: =SUM(I13, $I$3*2) -> 679 | J14: =SUM(J13, $J$3*2) -> 569 | K14: =SUM(K13, $K$3*2) -> 707.75 | L14: =SUM(L13, $L$3*2) -> 593.98 | M14: =SUM(M13, $M$3*2) -> 995.5 | N14: =C14 + $N$3*C14 -> 181.5 | O14: =D14 + $O$3*D14 -> 445.5 | P14: =E14 + $P$3*E14 -> 217.8 | Q14: =F14 + $Q$3*F14 -> 181.5 | R14: =MAX(N14, O14, G14:Q14) -> 995.5 | S14: =MIN(N14, O14, G14:Q14) -> 181.5 | T14: =R14 - S14 -> 814
A15: 12 | B15: =B14 + 1 -> 12 | C15: =B15*$C$3 -> 180 | D15: =B15*$D$3 -> 360 | E15: =B15*$E$3 -> 216 | F15: =B15*$F$3 -> 180 | G15: =SUM(G14, $G$3*2) -> 681.75 | H15: =SUM(H14, $H$3*2) -> 848.05 | I15: =SUM(I14, $I$3*2) -> 740.5 | J15: =SUM(J14, $J$3*2) -> 620.5 | K15: =SUM(K14, $K$3*2) -> 771.75 | L15: =SUM(L14, $L$3*2) -> 647.74 | M15: =SUM(M14, $M$3*2) -> 1086 | N15: =C15 + $N$3*C15 -> 198 | O15: =D15 + $O$3*D15 -> 486 | P15: =E15 + $P$3*E15 -> 237.6 | Q15: =F15 + $Q$3*F15 -> 198 | R15: =MAX(N15, O15, G15:Q15) -> 1086 | S15: =MIN(N15, O15, G15:Q15) -> 198 | T15: =R15 - S15 -> 888
A16: 13 | B16: =B15 + 1 -> 13 | C16: =B16*$C$3 -> 195 | D16: =B16*$D$3 -> 390 | E16: =B16*$E$3 -> 234 | F16: =B16*$F$3 -> 195 | G16: =SUM(G15, $G$3*2) -> 738.25 | H16: =SUM(H15, $H$3*2) -> 918.61 | I16: =SUM(I15, $I$3*2) -> 802 | J16: =SUM(J15, $J$3*2) -> 672 | K16: =SUM(K15, $K$3*2) -> 835.75 | L16: =SUM(L15, $L$3*2) -> 701.5 | M16: =SUM(M15, $M$3*2) -> 1176.5 | N16: =C16 + $N$3*C16 -> 214.5 | O16: =D16 + $O$3*D16 -> 526.5 | P16: =E16 + $P$3*E16 -> 257.4 | Q16: =F16 + $Q$3*F16 -> 214.5 | R16: =MAX(N16, O16, G16:Q16) -> 1176.5 | S16: =MIN(N16, O16, G16:Q16) -> 214.5 | T16: =R16 - S16 -> 962
A17: 14 | B17: =B16 + 1 -> 14 | C17: =B17*$C$3 -> 210 | D17: =B17*$D$3 -> 420 | E17: =B17*$E$3 -> 252 | F17: =B17*$F$3 -> 210 | G17: =SUM(G16, $G$3*2) -> 794.75 | H17: =SUM(H16, $H$3*2) -> 989.17 | I17: =SUM(I16, $I$3*2) -> 863.5 | J17: =SUM(J16, $J$3*2) -> 723.5 | K17: =SUM(K16, $K$3*2) -> 899.75 | L17: =SUM(L16, $L$3*2) -> 755.26 | M17: =SUM(M16, $M$3*2) -> 1267 | N17: =C17 + $N$3*C17 -> 231 | O17: =D17 + $O$3*D17 -> 567 | P17: =E17 + $P$3*E17 -> 277.2 | Q17: =F17 + $Q$3*F17 -> 231 | R17: =MAX(N17, O17, G17:Q17) -> 1267 | S17: =MIN(N17, O17, G17:Q17) -> 231 | T17: =R17 - S17 -> 1036
... A53: 50 | B53: =B52 + 1 -> 50 | C53: =B53*$C$3 -> 750 | D53: =B53*$D$3 -> 1500 | E53: =B53*$E$3 -> 900 | F53: =B53*$F$3 -> 750 | G53: =SUM(G52, $G$3*2) -> 2828.75 | H53: =SUM(H52, $H$3*2) -> 3529.33 | I53: =SUM(I52, $I$3*2) -> 3077.5 | J53: =SUM(J52, $J$3*2) -> 2577.5 | K53: =SUM(K52, $K$3*2) -> 3203.75 | L53: =SUM(L52, $L$3*2) -> 2690.62 | M53: =SUM(M52, $M$3*2) -> 4525 | N53: =C53 + $N$3*C53 -> 825 | O53: =D53 + $O$3*D53 -> 2025 | P53: =E53 + $P$3*E53 -> 990 | Q53: =F53 + $Q$3*F53 -> 825 | R53: =MAX(N53, O53, G53:Q53) -> 4525 | S53: =MIN(N53, O53, G53:Q53) -> 825 | T53: =R53 - S53 -> 3700

Sheet DTDC
A1: WEIGHT SLAB | B1: WITHIN CITY | C1: WITHIN STATE | D1: WITHIN ZONE | E1: REST OF INDIA | F1: METRO TO METRO | G1: SPECIAL DESTINATION
A2: 1 | B2: {=VLOOKUP(A2:A51, WITHINCITY!B4:E53,4,0)} -> 54 | C2: {=VLOOKUP(A2:A51, WITHINSTATE!B4:E53,4,0)} -> 60 | D2: {=VLOOKUP(A2:A51, WITHINZONE!B4:E53,4,0)} -> 75 | E2: {=VLOOKUP(A2:A51, RESTOFINDIA!B4:E53,4,0)} -> 90 | F2: {=VLOOKUP(A2:A51, 'METRO TO METRO'!B4:E53,4,0)} -> 84 | G2: {=VLOOKUP(A2:A51, SPECIALDESTINATION!B4:E53,4,0)} -> 135
A3: =A2 + 1 -> 2 | B3: 54 | C3: 60 | D3: 75 | E3: 90 | F3: 84 | G3: 135
A4: =A3 + 1 -> 3 | B4: 54 | C4: 60 | D4: 75 | E4: 90 | F4: 84 | G4: 135
A5: =A4 + 1 -> 4 | B5: 72 | C5: 80 | D5: 100 | E5: 120 | F5: 112 | G5: 180
A6: =A5 + 1 -> 5 | B6: 90 | C6: 100 | D6: 125 | E6: 150 | F6: 140 | G6: 225
A7: =A6 + 1 -> 6 | B7: 108 | C7: 120 | D7: 150 | E7: 180 | F7: 168 | G7: 270
A8: =A7 + 1 -> 7 | B8: 126 | C8: 140 | D8: 175 | E8: 210 | F8: 196 | G8: 315
A9: =A8 + 1 -> 8 | B9: 144 | C9: 160 | D9: 200 | E9: 240 | F9: 224 | G9: 360
A10: =A9 + 1 -> 9 | B10: 162 | C10: 180 | D10: 225 | E10: 270 | F10: 252 | G10: 405
A11: =A10 + 1 -> 10 | B11: 180 | C11: 200 | D11: 250 | E11: 300 | F11: 280 | G11: 450
A12: =A11 + 1 -> 11 | B12: 198 | C12: 220 | D12: 275 | E12: 330 | F12: 308 | G12: 495
A13: =A12 + 1 -> 12 | B13: 216 | C13: 240 | D13: 300 | E13: 360 | F13: 336 | G13: 540
A14: =A13 + 1 -> 13 | B14: 234 | C14: 260 | D14: 325 | E14: 390 | F14: 364 | G14: 585
... A51: =A50 + 1 -> 50 | B51: 900 | C51: 1000 | D51: 1250 | E51: 1500 | F51: 1400 | G51: 2250

Sheet PROFESSIONAL COURIER SERVICE
A1: WEIGHT SLAB | B1: WITHIN CITY | C1: WITHIN STATE | D1: WITHIN ZONE | E1: REST OF INDIA | F1: METRO TO METRO | G1: SPECIAL DESTINATION
A2: 1 | B2: {=VLOOKUP(A2:A51, WITHINCITY!B4:C53,2,0)} -> 15 | C2: {=VLOOKUP(A2:A51, WITHINSTATE!B4:C53,2,0)} -> 35 | D2: {=VLOOKUP(A2:A51, WITHINZONE!B4:C53,2,0)} -> 40 | E2: {=VLOOKUP(A2:A51, RESTOFINDIA!B4:C53,2,0)} -> 70 | F2: {=VLOOKUP(A2:A51, 'METRO TO METRO'!B4:C53,2,0)} -> 70 | G2: {=VLOOKUP(A2:A51, SPECIALDESTINATION!B4:C53,2,0)} -> 70
A3: =A2 + 1 -> 2 | B3: 30 | C3: 70 | D3: 80 | E3: 140 | F3: 140 | G3: 140
A4: =A3 + 1 -> 3 | B4: 45 | C4: 105 | D4: 120 | E4: 210 | F4: 210 | G4: 210
A5: =A4 + 1 -> 4 | B5: 60 | C5: 140 | D5: 160 | E5: 280 | F5: 280 | G5: 280
A6: =A5 + 1 -> 5 | B6: 75 | C6: 175 | D6: 200 | E6: 350 | F6: 350 | G6: 350
A7: =A6 + 1 -> 6 | B7: 90 | C7: 210 | D7: 240 | E7: 420 | F7: 420 | G7: 420
A8: =A7 + 1 -> 7 | B8: 105 | C8: 245 | D8: 280 | E8: 490 | F8: 490 | G8: 490
A9: =A8 + 1 -> 8 | B9: 120 | C9: 280 | D9: 320 | E9: 560 | F9: 560 | G9: 560
A10: =A9 + 1 -> 9 | B10: 135 | C10: 315 | D10: 360 | E10: 630 | F10: 630 | G10: 630
A11: =A10 + 1 -> 10 | B11: 150 | C11: 350 | D11: 400 | E11: 700 | F11: 700 | G11: 700
A12: =A11 + 1 -> 11 | B12: 165 | C12: 385 | D12: 440 | E12: 770 | F12: 770 | G12: 770
A13: =A12 + 1 -> 12 | B13: 180 | C13: 420 | D13: 480 | E13: 840 | F13: 840 | G13: 840
A14: =A13 + 1 -> 13 | B14: 195 | C14: 455 | D14: 520 | E14: 910 | F14: 910 | G14: 910
... A51: =A50 + 1 -> 50 | B51: 750 | C51: 1750 | D51: 2000 | E51: 3500 | F51: 3500 | G51: 3500

Sheet SHREE MARUTI COURIER SERVICE
A1: WEIGHT SLAB | B1: WITHIN CITY | C1: WITHIN STATE | D1: WITHIN ZONE | E1: REST OF INDIA | F1: METRO TO METRO | G1: SPECIAL DESTINATION
A2: 1 | B2: {=VLOOKUP(A2:A51, WITHINCITY!B4:F53,5,0)} -> 15 | C2: {=VLOOKUP(A2:A51, WITHINSTATE!B4:F53,5,0)} -> 25 | D2: {=VLOOKUP(A2:A51, WITHINZONE!B4:F53,5,0)} -> 50 | E2: {=VLOOKUP(A2:A51, RESTOFINDIA!B4:F53,5,0)} -> 50 | F2: {=VLOOKUP(A2:A51, 'METRO TO METRO'!B4:F53,5,0)} -> 55 | G2: {=VLOOKUP(A2:A51, SPECIALDESTINATION!B4:F53,5,0)} -> 60
A3: =A2 + 1 -> 2 | B3: 30 | C3: 50 | D3: 100 | E3: 100 | F3: 110 | G3: 120
A4: =A3 + 1 -> 3 | B4: 45 | C4: 75 | D4: 150 | E4: 150 | F4: 165 | G4: 180
A5: =A4 + 1 -> 4 | B5: 60 | C5: 100 | D5: 200 | E5: 200 | F5: 220 | G5: 240
A6: =A5 + 1 -> 5 | B6: 75 | C6: 125 | D6: 250 | E6: 250 | F6: 275 | G6: 300
A7: =A6 + 1 -> 6 | B7: 90 | C7: 150 | D7: 300 | E7: 300 | F7: 330 | G7: 360
A8: =A7 + 1 -> 7 | B8: 105 | C8: 175 | D8: 350 | E8: 350 | F8: 385 | G8: 420
A9: =A8 + 1 -> 8 | B9: 120 | C9: 200 | D9: 400 | E9: 400 | F9: 440 | G9: 480
A10: =A9 + 1 -> 9 | B10: 135 | C10: 225 | D10: 450 | E10: 450 | F10: 495 | G10: 540
A11: =A10 + 1 -> 10 | B11: 150 | C11: 250 | D11: 500 | E11: 500 | F11: 550 | G11: 600
A12: =A11 + 1 -> 11 | B12: 165 | C12: 275 | D12: 550 | E12: 550 | F12: 605 | G12: 660
A13: =A12 + 1 -> 12 | B13: 180 | C13: 300 | D13: 600 | E13: 600 | F13: 660 | G13: 720
A14: =A13 + 1 -> 13 | B14: 195 | C14: 325 | D14: 650 | E14: 650 | F14: 715 | G14: 780
... A51: =A50 + 1 -> 50 | B51: 750 | C51: 1250 | D51: 2500 | E51: 2500 | F51: 2750 | G51: 3000

Sheet ANJANI COURIER SERVICE
A1: WEIGHT SLAB | B1: WITHIN CITY | C1: WITHIN STATE | D1: WITHIN ZONE | E1: REST OF INDIA | F1: METRO TO METRO | G1: SPECIAL DESTINATION
A2: 1 | B2: {=VLOOKUP(A2:A51, WITHINCITY!B4:D53,3,0)} -> 30 | C2: {=VLOOKUP(A2:A51, WITHINSTATE!B4:D53,3,0)} -> 60 | D2: {=VLOOKUP('ANJANI COURIER SERVICE'!A2:A51, WITHINZONE!B4:D53,3,0)} -> 150 | E2: {=VLOOKUP(A2:A51, RESTOFINDIA!B4:D53,3,0)} -> 180 | F2: {=VLOOKUP(A2:A51, 'METRO TO METRO'!B4:D53,3,0)} -> 180 | G2: {=VLOOKUP(A2:A51, SPECIALDESTINATION!B4:D53,3,0)} -> 180
A3: =A2 + 1 -> 2 | B3: 60 | C3: 120 | D3: 300 | E3: 360 | F3: 360 | G3: 360
A4: =A3 + 1 -> 3 | B4: 90 | C4: 180 | D4: 450 | E4: 540 | F4: 540 | G4: 540
A5: =A4 + 1 -> 4 | B5: 120 | C5: 240 | D5: 600 | E5: 720 | F5: 720 | G5: 720
A6: =A5 + 1 -> 5 | B6: 150 | C6: 300 | D6: 750 | E6: 900 | F6: 900 | G6: 900
A7: =A6 + 1 -> 6 | B7: 180 | C7: 360 | D7: 900 | E7: 1080 | F7: 1080 | G7: 1080
A8: =A7 + 1 -> 7 | B8: 210 | C8: 420 | D8: 1050 | E8: 1260 | F8: 1260 | G8: 1260
A9: =A8 + 1 -> 8 | B9: 240 | C9: 480 | D9: 1200 | E9: 1440 | F9: 1440 | G9: 1440
A10: =A9 + 1 -> 9 | B10: 270 | C10: 540 | D10: 1350 | E10: 1620 | F10: 1620 | G10: 1620
A11: =A10 + 1 -> 10 | B11: 300 | C11: 600 | D11: 1500 | E11: 1800 | F11: 1800 | G11: 1800
A12: =A11 + 1 -> 11 | B12: 330 | C12: 660 | D12: 1650 | E12: 1980 | F12: 1980 | G12: 1980
A13: =A12 + 1 -> 12 | B13: 360 | C13: 720 | D13: 1800 | E13: 2160 | F13: 2160 | G13: 2160
A14: =A13 + 1 -> 13 | B14: 390 | C14: 780 | D14: 1950 | E14: 2340 | F14: 2340 | G14: 2340
... A51: =A50 + 1 -> 50 | B51: 1500 | C51: 3000 | D51: 7500 | E51: 9000 | F51: 9000 | G51: 9000

Sheet ITHINK LOGISTIC SHADOWFAX
A1: WEIGHT SLAB | B1: WITHIN CITY | C1: WITHIN STATE | D1: WITHIN ZONE | E1: REST OF INDIA | F1: METRO TO METRO | G1: SPECIAL DESTINATION
A2: 1 | B2: {=VLOOKUP(A2:A51, WITHINCITY!B4:J53,9,0)} -> 54 | C2: {=VLOOKUP(A2:A51, WITHINSTATE!B4:J53,9,0)} -> 59 | D2: {=VLOOKUP(A2:A51, WITHINZONE!B4:J53,9,0)} -> 59 | E2: {=VLOOKUP(A2:A51, RESTOFINDIA!B4:J53,9,0)} -> 75.25 | F2: {=VLOOKUP(A2:A51, 'METRO TO METRO'!B4:J53,9,0)} -> 71.25 | G2: {=VLOOKUP(A2:A51, SPECIALDESTINATION!B4:J53,9,0)} -> 90.25
A3: =A2 + 1 -> 2 | B3: 105.5 | C3: 115.5 | D3: 115.5 | E3: 146.75 | F3: 138.75 | G3: 176.75
A4: =A3 + 1 -> 3 | B4: 157 | C4: 172 | D4: 172 | E4: 218.25 | F4: 206.25 | G4: 263.25
A5: =A4 + 1 -> 4 | B5: 208.5 | C5: 228.5 | D5: 228.5 | E5: 289.75 | F5: 273.75 | G5: 349.75
A6: =A5 + 1 -> 5 | B6: 260 | C6: 285 | D6: 285 | E6: 361.25 | F6: 341.25 | G6: 436.25
A7: =A6 + 1 -> 6 | B7: 311.5 | C7: 341.5 | D7: 341.5 | E7: 432.75 | F7: 408.75 | G7: 522.75
A8: =A7 + 1 -> 7 | B8: 363 | C8: 398 | D8: 398 | E8: 504.25 | F8: 476.25 | G8: 609.25
A9: =A8 + 1 -> 8 | B9: 414.5 | C9: 454.5 | D9: 454.5 | E9: 575.75 | F9: 543.75 | G9: 695.75
A10: =A9 + 1 -> 9 | B10: 466 | C10: 511 | D10: 511 | E10: 647.25 | F10: 611.25 | G10: 782.25
A11: =A10 + 1 -> 10 | B11: 517.5 | C11: 567.5 | D11: 567.5 | E11: 718.75 | F11: 678.75 | G11: 868.75
A12: =A11 + 1 -> 11 | B12: 569 | C12: 624 | D12: 624 | E12: 790.25 | F12: 746.25 | G12: 955.25
A13: =A12 + 1 -> 12 | B13: 620.5 | C13: 680.5 | D13: 680.5 | E13: 861.75 | F13: 813.75 | G13: 1041.75
A14: =A13 + 1 -> 13 | B14: 672 | C14: 737 | D14: 737 | E14: 933.25 | F14: 881.25 | G14: 1128.25
... A51: =A50 + 1 -> 50 | B51: 2577.5 | C51: 2827.5 | D51: 2827.5 | E51: 3578.75 | F51: 3378.75 | G51: 4328.75

Sheet Slabs
A1: WEIGHT SLAB
A2: 0.5
A3: =A2 +0.5 -> 1
A4: =A3 +0.5 -> 1.5
A5: =A4 +0.5 -> 2
A6: =A5 +0.5 -> 2.5
A7: =A6 +0.5 -> 3
A8: =A7 +0.5 -> 3.5
A9: =A8 +0.5 -> 4
A10: =A9 +0.5 -> 4.5
A11: =A10 +0.5 -> 5
A12: =A11 +0.5 -> 5.5
A13: =A12 +0.5 -> 6
A14: =A13 +0.5 -> 6.5
... A103: =A102 +0.5 -> 51
